Index,Country,Year,Happiness Rank,Happiness Score,Freedom,Generosity,Life Expectancy,GDP/capita,Corruption
0,Switzerland,2015,1,7.587,0.66557,0.29678,0.94143,4.041071986625883,0.41978
1,Iceland,2015,2,7.561,0.62877,0.4363,0.94784,3.6778193183402643,0.14145
2,Denmark,2015,3,7.527,0.64938,0.34139,0.87464,3.763991637443416,0.48357
3,Norway,2015,4,7.522,0.66973,0.34699,0.88521,4.301655721079145,0.36503
4,Canada,2015,5,7.427,0.63297,0.45811,0.90563,3.7670417057806596,0.32957
5,Finland,2015,6,7.406,0.64169,0.23351,0.88911,3.6336948659257877,0.41372
6,Netherlands,2015,7,7.378,0.61576,0.4761,0.89284,3.778926596028692,0.31814
7,Sweden,2015,8,7.364,0.6598,0.36262,0.91087,3.787514502988358,0.43844
8,New Zealand,2015,9,7.286,0.63938,0.47501,0.90837,3.4909712757411335,0.42922
9,Australia,2015,10,7.284,0.65124,0.43562,0.93156,3.7946037815184974,0.35637
10,Israel,2015,11,7.278,0.41319,0.33172,0.91387,3.416340674422117,0.07785
11,Costa Rica,2015,12,7.226,0.63376,0.25497,0.86027,2.6006983366953644,0.10583
12,Austria,2015,13,7.2,0.62433,0.33088,0.89042,3.8084793929070075,0.18676
13,Mexico,2015,14,7.187,0.48181,0.14074,0.81444,2.7746926935414247,0.21312
14,United States,2015,15,7.119,0.54604,0.40105,0.86179,4.032997919411201,0.1589
15,Brazil,2015,16,6.983,0.49049,0.14574,0.69702,2.667762216950317,0.17521
16,Luxembourg,2015,17,6.946,0.61583,0.28034,0.91894,4.777464660331185,0.37798
17,Ireland,2015,18,6.94,0.61777,0.45901,0.89533,3.8036456941264314,0.28703
18,Belgium,2015,19,6.937,0.5845,0.2225,0.89667,3.6981030537315718,0.2254
19,United Arab Emirates,2015,20,6.901,0.64157,0.26428,0.80925,4.1673069006823065,0.38583
20,United Kingdom,2015,21,6.867,0.59625,0.51912,0.90943,3.547950099691773,0.32067
21,Oman,2015,22,6.853,0.63274,0.21542,0.76276,3.8966219066312457,0.32524
22,Venezuela,2015,23,6.81,0.42908,0.05841,0.72052,2.8412383617392964,0.11069
23,Singapore,2015,24,6.798,0.54252,0.31105,1.02525,4.580737447946149,0.4921
24,Panama,2015,25,6.786,0.5421,0.24434,0.79661,2.8965778834293476,0.0927
25,Germany,2015,26,6.75,0.61477,0.28214,0.89186,3.773186990807762,0.21843
26,Chile,2015,27,6.67,0.44132,0.33363,0.85857,3.0257227846007764,0.12869
27,Qatar,2015,28,6.611,0.6404,0.32573,0.79733,5.421757365092486,0.52208
28,France,2015,29,6.575,0.55011,0.12332,0.94579,3.5886640416632662,0.20646
29,Argentina,2015,30,6.574,0.44974,0.11451,0.78723,2.867699097375251,0.08484
30,Czech Republic,2015,31,6.505,0.46364,0.10686,0.84483,3.2510564335527357,0.02652
31,Uruguay,2015,32,6.485,0.60362,0.2324,0.8116,2.891166344153525,0.24558
32,Colombia,2015,33,6.477,0.53466,0.18401,0.69077,2.5058048992714914,0.0512
33,Thailand,2015,34,6.455,0.55664,0.5763,0.7385,2.6297794937655925,0.03187
34,Saudi Arabia,2015,35,6.411,0.31048,0.13706,0.72025,4.036629251392949,0.32524
35,Spain,2015,36,6.329,0.45951,0.18227,0.95562,3.421605892237863,0.06398
36,Malta,2015,37,6.302,0.60365,0.51752,0.88721,3.3447769174134296,0.13586
37,Taiwan,2015,38,6.298,0.3974,0.25376,0.8753,3.636348431611549,0.08129
38,Kuwait,2015,39,6.295,0.55499,0.16228,0.72492,4.731394597708685,0.25609
39,Suriname,2015,40,6.269,0.59657,0.16991,0.6082,2.7056441039062733,0.13633
40,Trinidad and Tobago,2015,41,6.168,0.55884,0.31844,0.61483,3.35962714813243,0.0114
41,El Salvador,2015,42,6.13,0.4035,0.10692,0.67737,2.148006064571625,0.11776
42,Guatemala,2015,43,6.123,0.57733,0.27489,0.64425,2.10755814484324,0.09472
43,Uzbekistan,2015,44,6.003,0.65821,0.22837,0.59772,1.8821975428976354,0.30826
44,Slovakia,2015,45,5.995,0.31751,0.16893,0.78902,3.2184825798819907,0.03431
45,Japan,2015,46,5.987,0.49615,0.10705,0.99111,3.56348856845363,0.1806
46,South Korea,2015,47,5.984,0.33208,0.18557,0.96538,3.471580618847444,0.07857
47,Ecuador,2015,48,5.975,0.48574,0.11541,0.79075,2.372679720118312,0.1809
48,Bahrain,2015,49,5.96,0.45492,0.17362,0.74716,3.75752313633267,0.306
49,Italy,2015,50,5.948,0.26236,0.22823,0.95446,3.4943242173202966,0.02901
50,Bolivia,2015,51,5.89,0.57414,0.20536,0.5392,1.9765047361847015,0.088
51,Moldova,2015,52,5.889,0.32818,0.20951,0.61826,1.8120884139480788,0.01615
52,Paraguay,2015,53,5.878,0.53899,0.3424,0.66098,2.1379555031181487,0.08242
53,Kazakhstan,2015,54,5.855,0.51649,0.11827,0.64368,3.072648827952034,0.08454
54,Slovenia,2015,55,5.848,0.60855,0.25328,0.87337,3.2706214083836556,0.03787
55,Lithuania,2015,56,5.833,0.21342,0.02641,0.73128,3.1494568203995215,0.01031
56,Nicaragua,2015,57,5.828,0.55475,0.27815,0.74314,1.809860915391367,0.19317
57,Peru,2015,58,5.824,0.41496,0.14982,0.73017,2.4600704801467175,0.05989
58,Belarus,2015,59,5.813,0.37938,0.11046,0.73608,2.806449047332106,0.1909
59,Poland,2015,60,5.791,0.53122,0.16759,0.77903,3.081911434153158,0.04212
60,Malaysia,2015,61,5.77,0.53024,0.33075,0.72394,3.0797856487438993,0.10501
61,Croatia,2015,62,5.759,0.25883,0.05444,0.78805,2.952168544120078,0.0243
62,Libya,2015,63,5.754,0.41668,0.18295,0.7038,3.1001484579322747,0.11023
63,Russia,2015,64,5.716,0.36679,0.00199,0.66926,3.1193978924230588,0.03005
64,Jamaica,2015,65,5.709,0.50442,0.2123,0.68741,2.2487623540309247,0.02299
65,North Cyprus,2015,66,5.695,0.49027,0.26169,0.92356,3.3469851988316295,0.1428
66,Cyprus,2015,67,5.689,0.40672,0.30638,0.92356,3.347219495995853,0.06146
67,Algeria,2015,68,5.605,0.28579,0.07822,0.61766,2.5581644766128937,0.17383
68,Kosovo,2015,69,5.589,0.24749,0.2831,0.63132,2.228837167681963,0.04741
69,Turkmenistan,2015,70,5.548,0.4761,0.16979,0.53886,2.6077036331205155,0.30844
70,Mauritius,2015,71,5.477,0.56066,0.37744,0.7095,2.739046863921415,0.07521
71,Hong Kong,2015,72,5.474,0.59608,0.39478,1.01328,3.998982684908625,0.37124
72,Estonia,2015,73,5.429,0.44888,0.0868,0.77361,3.163692948999167,0.15184
73,Indonesia,2015,74,5.399,0.46611,0.51535,0.63793,2.2893547287021843,0.0
74,Vietnam,2015,75,5.36,0.59444,0.1686,0.74676,1.881670601360882,0.10441
75,Turkey,2015,76,5.332,0.22815,0.12253,0.73172,2.8892010193256725,0.15746
76,Kyrgyzstan,2015,77,5.286,0.43477,0.3003,0.65088,1.6068568439608597,0.04232
77,Nigeria,2015,78,5.268,0.34334,0.27233,0.16007,1.9238915813383237,0.0403
78,Bhutan,2015,79,5.253,0.53206,0.47998,0.57407,2.16067354612956,0.15445
79,Azerbaijan,2015,80,5.212,0.3703,0.07799,0.64045,2.784003500959671,0.16065
80,Pakistan,2015,81,5.194,0.12102,0.33671,0.51466,1.8138107159052277,0.10464
81,Jordan,2015,82,5.192,0.40661,0.11053,0.69639,2.464477949814702,0.14293
82,Montenegro,2015,82,5.192,0.1826,0.1614,0.72521,2.649523996760844,0.14296
83,China,2015,84,5.14,0.51697,0.08185,0.81658,2.435421884381664,0.02781
84,Zambia,2015,85,5.129,0.48827,0.19591,0.29924,1.6006023065449975,0.12468
85,Romania,2015,86,5.124,0.35068,0.13748,0.7689,2.8389946698085256,0.00649
86,Serbia,2015,87,5.123,0.20107,0.19231,0.74836,2.51062066633507,0.02617
87,Portugal,2015,88,5.102,0.51469,0.13719,0.87519,3.189646195040176,0.01078
88,Latvia,2015,89,5.098,0.29671,0.18226,0.72437,3.0438403768270628,0.06332
89,Philippines,2015,90,5.073,0.62545,0.24991,0.58114,2.024494419493527,0.12279
90,Somaliland region,2015,91,5.057,0.46582,0.50318,0.43873,1.2074008604174666,0.39928
91,Morocco,2015,92,5.013,0.41691,0.07172,0.60954,2.085044087268261,0.08546
92,Macedonia,2015,93,5.007,0.33457,0.22359,0.73545,2.505554331310171,0.05327
93,Mozambique,2015,94,4.971,0.34037,0.22269,0.09131,1.0866287353699484,0.15603
94,Albania,2015,95,4.959,0.35733,0.14272,0.81325,2.407695341182906,0.06413
95,Bosnia and Herzegovina,2015,96,4.949,0.09245,0.24808,0.79081,2.2984385475183697,0.00227
96,Lesotho,2015,97,4.898,0.31767,0.16388,0.07612,1.4556463080947604,0.12504
97,Dominican Republic,2015,98,4.885,0.57672,0.21684,0.66825,2.4482414712452094,0.14234
98,Laos,2015,99,4.876,0.59591,0.42192,0.54909,1.8051794407471504,0.24249
99,Mongolia,2015,100,4.874,0.43626,0.3323,0.60268,2.289171587649628,0.02666
100,Swaziland,2015,101,4.867,0.30658,0.18259,0.07566,2.038185599327205,0.0306
101,Greece,2015,102,4.857,0.07699,0.0,0.88213,3.1710412373593915,0.01397
102,Lebanon,2015,103,4.839,0.33916,0.21854,0.83947,2.788879772579553,0.04582
103,Hungary,2015,104,4.8,0.32112,0.128,0.75905,3.0677365207210543,0.02758
104,Honduras,2015,105,4.788,0.40148,0.23027,0.6951,1.8136112076996305,0.06825
105,Tajikistan,2015,106,4.786,0.47216,0.22974,0.57379,1.4776751380138564,0.15072
106,Tunisia,2015,107,4.739,0.26268,0.06431,0.73793,2.4136255629043224,0.06358
107,Palestinian Territories,2015,108,4.715,0.24499,0.11251,0.66015,1.8196969932447362,0.12905
108,Bangladesh,2015,109,4.694,0.4082,0.21222,0.60164,1.4881444376302846,0.12569
109,Iran,2015,110,4.686,0.30033,0.38086,0.69805,2.7423082698411307,0.05863
110,Ukraine,2015,111,4.681,0.25123,0.15275,0.6739,2.2234721375658584,0.02961
111,Iraq,2015,112,4.677,0.0,0.17922,0.60237,2.679124333768246,0.13788
112,South Africa,2015,113,4.642,0.33207,0.11973,0.27688,2.5105202435168863,0.08884
113,Ghana,2015,114,4.633,0.42342,0.23087,0.40132,1.7256089453734338,0.04355
114,Zimbabwe,2015,115,4.61,0.25861,0.18987,0.33475,1.311275070384588,0.08079
115,Liberia,2015,116,4.571,0.28531,0.24362,0.34201,1.073795963586587,0.06232
116,India,2015,117,4.565,0.39786,0.26475,0.51529,1.905967969496929,0.08492
117,Sudan,2015,118,4.55,0.10081,0.19062,0.36878,1.68382838250431,0.1466
118,Haiti,2015,119,4.518,0.24425,0.46187,0.38847,1.3056878630110351,0.17175
119,Congo (Kinshasa),2015,120,4.517,0.22605,0.24834,0.09806,1.0,0.07625
120,Nepal,2015,121,4.514,0.38282,0.32296,0.56874,1.4332864153228952,0.05907
121,Ethiopia,2015,122,4.512,0.4345,0.24325,0.44055,1.210132672146514,0.15048
122,Sierra Leone,2015,123,4.507,0.4084,0.21488,0.0,1.3913020008776986,0.08786
123,Mauritania,2015,124,4.436,0.24232,0.219,0.35874,1.574708223192697,0.17461
124,Kenya,2015,125,4.419,0.42215,0.37542,0.41435,1.4400963196546128,0.05839
125,Djibouti,2015,126,4.369,0.46074,0.18093,0.36291,1.553095443842108,0.28105
126,Armenia,2015,127,4.35,0.19847,0.07855,0.7299,2.155903730180592,0.039
127,Botswana,2015,128,4.332,0.49495,0.10461,0.04776,2.700805332952277,0.12474
128,Myanmar,2015,129,4.307,0.44017,0.79588,0.48246,1.311379976586411,0.19034
129,Georgia,2015,130,4.297,0.40577,0.05547,0.72926,2.09992157753265,0.38331
130,Malawi,2015,131,4.292,0.43054,0.33128,0.22562,1.0161693313664248,0.06977
131,Sri Lanka,2015,132,4.271,0.53726,0.40828,0.70806,2.3053672700425567,0.09179
132,Cameroon,2015,133,4.252,0.49309,0.20618,0.23402,1.5257712196034616,0.05786
133,Bulgaria,2015,134,4.218,0.30587,0.11921,0.76649,2.7515379227614476,0.00872
134,Egypt,2015,135,4.194,0.17288,0.11291,0.61712,2.4152432338907346,0.06324
135,Yemen,2015,136,4.077,0.35571,0.09131,0.40064,1.727179964218885,0.07854
136,Angola,2015,137,4.033,0.10384,0.12344,0.16683,2.1335345125305776,0.07122
137,Mali,2015,138,3.995,0.38857,0.18798,0.20583,1.2978901701169696,0.12352
138,Congo (Brazzaville),2015,139,3.989,0.41466,0.12388,0.31051,1.9712345074253927,0.11686
139,Comoros,2015,140,3.956,0.22917,0.17441,0.36315,1.2700547375820386,0.199
140,Uganda,2015,141,3.931,0.45727,0.29066,0.33861,1.2349370535554798,0.07267
141,Senegal,2015,142,3.904,0.36772,0.20843,0.4354,1.440485198157155,0.10713
142,Gabon,2015,143,3.896,0.31914,0.06822,0.43372,2.887063801439518,0.11091
143,Niger,2015,144,3.845,0.47692,0.19387,0.29707,1.0718648693583321,0.15639
144,Cambodia,2015,145,3.819,0.66246,0.40359,0.61114,1.5846760474934096,0.07247
145,Tanzania,2015,146,3.781,0.32878,0.34377,0.38215,1.3300280071241117,0.05747
146,Madagascar,2015,147,3.681,0.19184,0.21333,0.46721,1.2315086961713357,0.08124
147,Central African Republic,2015,148,3.678,0.48879,0.23835,0.06699,1.0816633551622767,0.08289
148,Chad,2015,149,3.667,0.23501,0.18386,0.1501,1.4076617577422088,0.05269
149,Guinea,2015,150,3.656,0.37725,0.28657,0.24009,1.1902578924638296,0.12139
150,Ivory Coast,2015,151,3.655,0.46866,0.20165,0.15185,1.5925555657401724,0.17922
151,Burkina Faso,2015,152,3.587,0.39493,0.21747,0.27125,1.294494148602085,0.12832
152,Afghanistan,2015,153,3.575,0.23414,0.3651,0.30335,1.3768799036465078,0.09719
153,Rwanda,2015,154,3.465,0.59201,0.22628,0.42864,1.2486712675700475,0.55191
154,Benin,2015,155,3.34,0.4845,0.1826,0.3191,1.331957946602422,0.0801
155,Syria,2015,156,3.006,0.15684,0.47179,0.72193,1.9409935865838748,0.18906
156,Burundi,2015,157,2.905,0.1185,0.19727,0.22396,1.01541764421976,0.10062
157,Togo,2015,158,2.839,0.36453,0.16681,0.28443,1.2320506792251789,0.10731
158,Denmark,2016,1,7.526,0.57941,0.36171,0.79504,4.041071986625883,0.44453
159,Switzerland,2016,2,7.509,0.58557,0.28083,0.86303,3.6778193183402643,0.41203
160,Iceland,2016,3,7.501,0.56624,0.47678,0.86733,3.763991637443416,0.14975
161,Norway,2016,4,7.498,0.59609,0.37895,0.79579,4.301655721079145,0.35776
162,Finland,2016,5,7.413,0.57104,0.25492,0.81091,3.7670417057806596,0.41004
163,Canada,2016,6,7.404,0.5737,0.44834,0.8276,3.6336948659257877,0.31329
164,Netherlands,2016,7,7.339,0.55211,0.47416,0.81231,3.778926596028692,0.29927
165,New Zealand,2016,8,7.334,0.58147,0.49401,0.83096,3.787514502988358,0.41904
166,Australia,2016,9,7.313,0.56837,0.47407,0.8512,3.4909712757411335,0.32331
167,Sweden,2016,10,7.291,0.58218,0.38254,0.83121,3.7946037815184974,0.40867
168,Israel,2016,11,7.267,0.36432,0.32288,0.84917,3.416340674422117,0.08728
169,Austria,2016,12,7.119,0.54355,0.32865,0.80565,2.6006983366953644,0.21348
170,United States,2016,13,7.104,0.48163,0.41077,0.779,3.8084793929070075,0.14868
171,Costa Rica,2016,14,7.087,0.55225,0.22553,0.76146,2.7746926935414247,0.10547
172,Puerto Rico,2016,15,7.039,0.46823,0.22202,0.77758,4.032997919411201,0.12275
173,Germany,2016,16,6.994,0.53466,0.30452,0.81487,2.667762216950317,0.28551
174,Brazil,2016,17,6.952,0.40425,0.15776,0.61415,4.777464660331185,0.14166
175,Belgium,2016,18,6.929,0.51354,0.2424,0.81959,3.8036456941264314,0.26248
176,Ireland,2016,19,6.907,0.54008,0.44963,0.81455,3.6981030537315718,0.29754
177,Luxembourg,2016,20,6.871,0.5487,0.27571,0.84542,4.1673069006823065,0.35329
178,Mexico,2016,21,6.778,0.37709,0.11735,0.71143,3.547950099691773,0.18355
179,Singapore,2016,22,6.739,0.4877,0.32706,0.94719,3.8966219066312457,0.46987
180,United Kingdom,2016,23,6.725,0.50036,0.50156,0.80991,2.8412383617392964,0.27399
181,Chile,2016,24,6.705,0.37789,0.31595,0.81883,4.580737447946149,0.11451
182,Panama,2016,25,6.701,0.48927,0.2418,0.70835,2.8965778834293476,0.08423
183,Argentina,2016,26,6.65,0.42284,0.10989,0.69711,3.773186990807762,0.07296
184,Czech Republic,2016,27,6.596,0.41418,0.09929,0.76376,3.0257227846007764,0.03986
185,United Arab Emirates,2016,28,6.573,0.56215,0.26591,0.72993,5.421757365092486,0.35561
186,Uruguay,2016,29,6.545,0.54388,0.18056,0.72183,3.5886640416632662,0.21394
187,Malta,2016,30,6.488,0.54994,0.56237,0.80315,2.867699097375251,0.17554
188,Colombia,2016,31,6.481,0.44735,0.15626,0.59659,3.2510564335527357,0.05399
189,France,2016,32,6.478,0.46562,0.1216,0.83795,2.891166344153525,0.17808
190,Thailand,2016,33,6.474,0.49553,0.58696,0.64915,2.5058048992714914,0.02833
191,Saudi Arabia,2016,34,6.379,0.37904,0.15457,0.59267,2.6297794937655925,0.30008
192,Taiwan,2016,34,6.379,0.32377,0.25495,0.79565,4.036629251392949,0.0663
193,Qatar,2016,36,6.375,0.56679,0.32388,0.71723,3.421605892237863,0.48049
194,Spain,2016,37,6.361,0.37545,0.17665,0.87896,3.3447769174134296,0.06137
195,Algeria,2016,38,6.355,0.21006,0.07044,0.61804,3.636348431611549,0.16157
196,Guatemala,2016,39,6.324,0.50379,0.28808,0.54039,4.731394597708685,0.08701
197,Suriname,2016,40,6.269,0.52234,0.16665,0.50933,2.7056441039062733,0.12692
198,Kuwait,2016,41,6.239,0.43166,0.15965,0.63569,3.35962714813243,0.23669
199,Bahrain,2016,42,6.218,0.47375,0.17147,0.65696,2.148006064571625,0.25772
200,Trinidad and Tobago,2016,43,6.168,0.48453,0.31935,0.52608,2.10755814484324,0.01241
201,Venezuela,2016,44,6.084,0.19847,0.0425,0.61904,1.8821975428976354,0.08304
202,Slovakia,2016,45,6.078,0.23391,0.13837,0.70367,3.2184825798819907,0.02947
203,El Salvador,2016,46,6.068,0.37269,0.08877,0.596,3.56348856845363,0.10613
204,Malaysia,2016,47,6.005,0.39031,0.41474,0.62366,3.471580618847444,0.09081
205,Nicaragua,2016,48,5.992,0.46582,0.29773,0.65213,2.372679720118312,0.16292
206,Uzbekistan,2016,49,5.987,0.60848,0.34326,0.50163,3.75752313633267,0.28333
207,Italy,2016,50,5.977,0.18827,0.16684,0.85102,3.4943242173202966,0.02556
208,Ecuador,2016,51,5.976,0.4027,0.10074,0.68613,1.9765047361847015,0.18037
209,Belize,2016,52,5.956,0.51231,0.23684,0.45569,1.8120884139480788,0.10771
210,Japan,2016,53,5.921,0.46761,0.10224,0.91491,2.1379555031181487,0.18985
211,Kazakhstan,2016,54,5.919,0.4052,0.15011,0.57386,3.072648827952034,0.11132
212,Moldova,2016,55,5.897,0.25202,0.19997,0.52309,3.2706214083836556,0.01903
213,Russia,2016,56,5.856,0.32682,0.02736,0.58991,3.1494568203995215,0.03586
214,Poland,2016,57,5.835,0.4519,0.14443,0.69058,1.809860915391367,0.055
215,South Korea,2016,57,5.835,0.25168,0.18824,0.88645,2.4600704801467175,0.07716
216,Bolivia,2016,59,5.822,0.50961,0.21698,0.4697,2.806449047332106,0.07746
217,Lithuania,2016,60,5.813,0.18929,0.02025,0.64674,3.081911434153158,0.0182
218,Belarus,2016,61,5.802,0.29091,0.13942,0.63104,3.0797856487438993,0.17457
219,North Cyprus,2016,62,5.771,0.43596,0.26322,0.84142,2.952168544120078,0.16578
220,Slovenia,2016,63,5.768,0.53164,0.25738,0.79151,3.1001484579322747,0.03635
221,Peru,2016,64,5.743,0.37502,0.14527,0.62994,3.1193978924230588,0.05292
222,Turkmenistan,2016,65,5.658,0.37408,0.22567,0.44006,2.2487623540309247,0.28467
223,Mauritius,2016,66,5.648,0.46145,0.36951,0.66189,3.3469851988316295,0.05203
224,Libya,2016,67,5.615,0.40672,0.17087,0.52304,3.347219495995853,0.10339
225,Latvia,2016,68,5.56,0.27996,0.17445,0.63952,2.5581644766128937,0.0889
226,Cyprus,2016,69,5.546,0.29507,0.27906,0.8488,2.228837167681963,0.05228
227,Paraguay,2016,70,5.538,0.46235,0.25296,0.58295,2.6077036331205155,0.07396
228,Romania,2016,71,5.528,0.36712,0.12889,0.67602,2.739046863921415,0.00679
229,Estonia,2016,72,5.517,0.41511,0.08423,0.68098,3.998982684908625,0.18519
230,Jamaica,2016,73,5.51,0.43597,0.22245,0.59469,3.163692948999167,0.04294
231,Croatia,2016,74,5.488,0.23907,0.18434,0.70524,2.2893547287021843,0.04002
232,Hong Kong,2016,75,5.458,0.48079,0.40097,0.95277,1.881670601360882,0.31647
233,Somalia,2016,76,5.44,0.56778,0.27225,0.11466,2.8892010193256725,0.3118
234,Kosovo,2016,77,5.401,0.14396,0.27992,0.54,1.6068568439608597,0.06547
235,Turkey,2016,78,5.389,0.23889,0.04707,0.64718,1.9238915813383237,0.12348
236,Indonesia,2016,79,5.314,0.39237,0.56521,0.49374,2.16067354612956,0.00322
237,Jordan,2016,80,5.303,0.36023,0.14262,0.60712,2.784003500959671,0.13297
238,Azerbaijan,2016,81,5.291,0.35327,0.0564,0.54504,1.8138107159052277,0.17914
239,Philippines,2016,82,5.279,0.54854,0.21674,0.47036,2.464477949814702,0.11757
240,China,2016,83,5.245,0.44012,0.04959,0.73561,2.649523996760844,0.02745
241,Bhutan,2016,84,5.196,0.46074,0.48546,0.49759,2.435421884381664,0.1616
242,Kyrgyzstan,2016,85,5.185,0.40212,0.38432,0.55449,1.6006023065449975,0.04762
243,Serbia,2016,86,5.177,0.15718,0.20737,0.6458,2.8389946698085256,0.04339
244,Bosnia and Herzegovina,2016,87,5.163,0.09511,0.29889,0.70766,2.51062066633507,0.0
245,Montenegro,2016,88,5.161,0.15111,0.17191,0.63533,3.189646195040176,0.12721
246,Dominican Republic,2016,89,5.155,0.52259,0.21286,0.57669,3.0438403768270628,0.12372
247,Morocco,2016,90,5.151,0.25646,0.04053,0.59471,2.024494419493527,0.08404
248,Hungary,2016,91,5.145,0.1977,0.099,0.67608,1.2074008604174666,0.04472
249,Pakistan,2016,92,5.132,0.14622,0.31185,0.40306,2.085044087268261,0.1388
250,Lebanon,2016,93,5.129,0.26228,0.23693,0.76171,2.505554331310171,0.03061
251,Portugal,2016,94,5.123,0.44727,0.11691,0.79363,1.0866287353699484,0.01521
252,Macedonia,2016,95,5.121,0.27668,0.23507,0.64738,2.407695341182906,0.07047
253,Vietnam,2016,96,5.061,0.55954,0.25075,0.66157,2.2984385475183697,0.11556
254,Somaliland Region,2016,97,5.057,0.3913,0.51479,0.33108,1.4556463080947604,0.36794
255,Tunisia,2016,98,5.045,0.23553,0.03936,0.59577,2.4482414712452094,0.0817
256,Greece,2016,99,5.033,0.05822,0.0,0.80029,1.8051794407471504,0.04127
257,Tajikistan,2016,100,4.996,0.43408,0.25998,0.53119,2.289171587649628,0.13509
258,Mongolia,2016,101,4.907,0.35972,0.34539,0.55469,2.038185599327205,0.03285
259,Laos,2016,102,4.876,0.52168,0.43079,0.38291,3.1710412373593915,0.22423
260,Nigeria,2016,103,4.875,0.27854,0.23219,0.05108,2.788879772579553,0.0305
261,Honduras,2016,104,4.871,0.26755,0.2044,0.58383,3.0677365207210543,0.06906
262,Iran,2016,105,4.813,0.22544,0.38538,0.64232,1.8136112076996305,0.0557
263,Zambia,2016,106,4.795,0.42662,0.17866,0.23573,1.4776751380138564,0.11479
264,Nepal,2016,107,4.793,0.37012,0.3816,0.50073,2.4136255629043224,0.07008
265,Palestinian Territories,2016,108,4.754,0.17744,0.11154,0.56844,1.8196969932447362,0.10613
266,Albania,2016,109,4.655,0.31866,0.1684,0.73007,1.4881444376302846,0.05301
267,Bangladesh,2016,110,4.643,0.39778,0.19132,0.52989,2.7423082698411307,0.12583
268,Sierra Leone,2016,111,4.635,0.30685,0.23897,0.0,2.2234721375658584,0.08196
269,Iraq,2016,112,4.575,0.24856,0.19589,0.51076,2.679124333768246,0.13636
270,Namibia,2016,113,4.574,0.48614,0.07795,0.34745,2.5105202435168863,0.10398
271,Cameroon,2016,114,4.513,0.42736,0.2268,0.12698,1.7256089453734338,0.06126
272,Ethiopia,2016,115,4.508,0.36703,0.29522,0.34578,1.311275070384588,0.1717
273,South Africa,2016,116,4.459,0.42483,0.13656,0.18611,1.073795963586587,0.08415
274,Sri Lanka,2016,117,4.415,0.50817,0.46978,0.62007,1.905967969496929,0.07964
275,India,2016,118,4.404,0.40285,0.25028,0.45091,1.68382838250431,0.08722
276,Myanmar,2016,119,4.395,0.42692,0.81971,0.3988,1.3056878630110351,0.20243
277,Egypt,2016,120,4.362,0.18847,0.12706,0.52116,1.0,0.10393
278,Armenia,2016,121,4.36,0.14037,0.07793,0.64083,1.4332864153228952,0.03616
279,Kenya,2016,122,4.356,0.40576,0.41328,0.30147,1.210132672146514,0.06686
280,Ukraine,2016,123,4.324,0.12859,0.20363,0.58628,1.3913020008776986,0.01829
281,Ghana,2016,124,4.276,0.40973,0.21203,0.29681,1.574708223192697,0.0326
282,Congo (Kinshasa),2016,125,4.272,0.15602,0.25458,0.188,1.4400963196546128,0.06075
283,Georgia,2016,126,4.252,0.32461,0.06786,0.64035,1.553095443842108,0.3188
284,Congo (Brazzaville),2016,127,4.236,0.37938,0.12077,0.28212,2.155903730180592,0.09753
285,Senegal,2016,128,4.219,0.31056,0.19103,0.40457,2.700805332952277,0.11681
286,Bulgaria,2016,129,4.217,0.21219,0.12793,0.67806,1.311379976586411,0.00615
287,Mauritania,2016,130,4.201,0.1268,0.22686,0.28639,2.09992157753265,0.17955
288,Zimbabwe,2016,131,4.193,0.25429,0.18503,0.1595,1.0161693313664248,0.08582
289,Malawi,2016,132,4.156,0.4143,0.30968,0.29364,2.3053672700425567,0.07564
290,Sudan,2016,133,4.139,0.0,0.18077,0.29759,1.5257712196034616,0.10039
291,Gabon,2016,134,4.121,0.28098,0.06244,0.3494,2.7515379227614476,0.09314
292,Mali,2016,135,4.073,0.27544,0.21064,0.16347,2.4152432338907346,0.13647
293,Haiti,2016,136,4.028,0.12072,0.47958,0.27494,1.727179964218885,0.14476
294,Botswana,2016,137,3.974,0.44089,0.12425,0.34752,2.1335345125305776,0.10769
295,Comoros,2016,138,3.956,0.15412,0.1827,0.29981,1.2978901701169696,0.18437
296,Ivory Coast,2016,139,3.916,0.40663,0.20338,0.04476,1.9712345074253927,0.1553
297,Cambodia,2016,140,3.907,0.58852,0.40339,0.42494,1.2700547375820386,0.08092
298,Angola,2016,141,3.866,0.00589,0.12071,0.04991,1.2349370535554798,0.08434
299,Niger,2016,142,3.856,0.38041,0.2097,0.26162,1.440485198157155,0.17176
300,South Sudan,2016,143,3.832,0.19662,0.25899,0.15781,2.887063801439518,0.13015
301,Chad,2016,144,3.763,0.12807,0.18667,0.03824,1.0718648693583321,0.04952
302,Burkina Faso,2016,145,3.739,0.3337,0.24353,0.21297,1.5846760474934096,0.12533
303,Uganda,2016,145,3.739,0.43653,0.27102,0.19625,1.3300280071241117,0.06442
304,Yemen,2016,147,3.724,0.2287,0.09821,0.31048,1.2315086961713357,0.05892
305,Madagascar,2016,148,3.695,0.13684,0.2204,0.37109,1.0816633551622767,0.07506
306,Tanzania,2016,149,3.666,0.3176,0.31472,0.357,1.4076617577422088,0.05099
307,Liberia,2016,150,3.622,0.25748,0.24063,0.23165,1.1902578924638296,0.04852
308,Guinea,2016,151,3.607,0.30953,0.29914,0.18829,1.5925555657401724,0.1192
309,Rwanda,2016,152,3.515,0.5432,0.23552,0.31865,1.294494148602085,0.50521
310,Benin,2016,153,3.484,0.39747,0.2018,0.21028,1.3768799036465078,0.06681
311,Afghanistan,2016,154,3.36,0.1643,0.31268,0.17344,1.2486712675700475,0.07112
312,Togo,2016,155,3.303,0.34678,0.17517,0.24811,1.331957946602422,0.11587
313,Syria,2016,156,3.069,0.06912,0.48397,0.62994,1.9409935865838748,0.17233
314,Burundi,2016,157,2.905,0.0432,0.2029,0.15747,1.01541764421976,0.09419
315,Norway,2017,1,7.53700017929077,0.635422587394714,0.36201223731041,0.796666502952576,4.041071986625883,0.315963834524155
316,Denmark,2017,2,7.52199983596802,0.626006722450256,0.355280488729477,0.792565524578094,3.6778193183402643,0.40077006816864
317,Iceland,2017,3,7.50400018692017,0.627162635326385,0.475540220737457,0.833552122116089,3.763991637443416,0.153526559472084
318,Switzerland,2017,4,7.49399995803833,0.620070576667786,0.290549278259277,0.858131289482117,4.301655721079145,0.367007285356522
319,Finland,2017,5,7.4689998626709,0.617950856685638,0.24548277258873,0.80915766954422,3.7670417057806596,0.38261154294014
320,Netherlands,2017,6,7.3769998550415,0.585384488105774,0.470489829778671,0.810696125030518,3.6336948659257877,0.282661825418472
321,Canada,2017,7,7.31599998474121,0.611100912094116,0.435539722442627,0.83455765247345,3.778926596028692,0.287371516227722
322,New Zealand,2017,8,7.31400012969971,0.614062130451202,0.500005125999451,0.816759705543518,3.787514502988358,0.382816702127457
323,Sweden,2017,9,7.28399991989136,0.612924098968506,0.385399252176285,0.830875158309937,3.4909712757411335,0.384398728609085
324,Australia,2017,10,7.28399991989136,0.601607382297516,0.477699249982834,0.84388679265976,3.7946037815184974,0.301183730363846
325,Israel,2017,11,7.21299982070923,0.405988603830338,0.330082654953003,0.83840399980545,3.416340674422117,0.0852421000599861
326,Costa Rica,2017,12,7.0789999961853,0.580131649971008,0.214613229036331,0.759509265422821,2.6006983366953644,0.100106589496136
327,Austria,2017,13,7.00600004196167,0.567766189575195,0.316472321748734,0.815328419208527,3.8084793929070075,0.221060365438461
328,United States,2017,14,6.99300003051758,0.505740523338318,0.392578780651093,0.77428662776947,2.7746926935414247,0.135638788342476
329,Ireland,2017,15,6.97700023651123,0.573110342025757,0.42785832285881,0.80978262424469,4.032997919411201,0.29838815331459
330,Germany,2017,16,6.95100021362305,0.562511384487152,0.336269170045853,0.798950731754303,2.667762216950317,0.276731938123703
331,Belgium,2017,17,6.89099979400635,0.539770722389221,0.231503337621689,0.818091869354248,4.777464660331185,0.251343131065369
332,Luxembourg,2017,18,6.86299991607666,0.59662789106369,0.283180981874466,0.845089495182037,3.8036456941264314,0.31883442401886
333,United Kingdom,2017,19,6.71400022506714,0.508190035820007,0.492774158716202,0.805335938930511,3.6981030537315718,0.265428066253662
334,Chile,2017,20,6.65199995040894,0.376895278692245,0.326662421226501,0.819479703903198,4.1673069006823065,0.0822879821062088
335,United Arab Emirates,2017,21,6.64799976348877,0.60834527015686,0.3609419465065,0.726798236370087,3.547950099691773,0.324489563703537
336,Brazil,2017,22,6.63500022888184,0.437453746795654,0.16234989464283,0.616552352905273,3.8966219066312457,0.111092761158943
337,Czech Republic,2017,23,6.60900020599365,0.490946173667908,0.0881067588925362,0.754444003105164,2.8412383617392964,0.0368729270994663
338,Argentina,2017,24,6.59899997711182,0.494519203901291,0.109457060694695,0.695137083530426,4.580737447946149,0.059739887714386
339,Mexico,2017,25,6.57800006866455,0.412730008363724,0.120990432798862,0.709978997707367,2.8965778834293476,0.132774114608765
340,Singapore,2017,26,6.57200002670288,0.549840569496155,0.345965981483459,0.949492394924164,3.773186990807762,0.46430778503418
341,Malta,2017,27,6.52699995040894,0.588767051696777,0.574730575084686,0.821944236755371,3.0257227846007764,0.153066068887711
342,Uruguay,2017,28,6.4539999961853,0.57939225435257,0.175096929073334,0.719216823577881,5.421757365092486,0.178061872720718
343,Guatemala,2017,29,6.4539999961853,0.531310617923737,0.283488392829895,0.540239989757538,3.5886640416632662,0.0772232785820961
344,Panama,2017,30,6.4520001411438,0.550026834011078,0.21055693924427,0.706156134605408,2.867699097375251,0.070983923971653
345,France,2017,31,6.44199991226196,0.470222115516663,0.129762306809425,0.844465851783752,3.2510564335527357,0.172502428293228
346,Thailand,2017,32,6.42399978637695,0.580200731754303,0.572123110294342,0.647239029407501,2.891166344153525,0.0316127352416515
347,Taiwan Province of China,2017,33,6.42199993133545,0.361466586589813,0.258360475301743,0.793984234333038,2.5058048992714914,0.0638292357325554
348,Spain,2017,34,6.40299987792969,0.408781230449677,0.190133571624756,0.888960599899292,2.6297794937655925,0.0709140971302986
349,Qatar,2017,35,6.375,0.604130983352661,0.330473870038986,0.710098087787628,4.036629251392949,0.439299255609512
350,Colombia,2017,36,6.35699987411499,0.477487415075302,0.149014472961426,0.595027923583984,3.421605892237863,0.0466687418520451
351,Saudi Arabia,2017,37,6.3439998626709,0.449750572443008,0.147616013884544,0.590148329734802,3.3447769174134296,0.27343225479126
352,Trinidad and Tobago,2017,38,6.16800022125244,0.518630743026733,0.325296461582184,0.519983291625977,3.636348431611549,0.0089648161083459
353,Kuwait,2017,39,6.10500001907349,0.496337592601776,0.228289797902107,0.632105708122253,4.731394597708685,0.215159550309181
354,Slovakia,2017,40,6.09800004959106,0.295817464590073,0.136544480919838,0.712732911109924,2.7056441039062733,0.0242108516395092
355,Bahrain,2017,41,6.08699989318848,0.536746919155121,0.172668486833572,0.653133034706116,3.35962714813243,0.257042169570923
356,Malaysia,2017,42,6.08400011062622,0.402264982461929,0.416608929634094,0.618784427642822,2.148006064571625,0.0656007081270218
357,Nicaragua,2017,43,6.07100009918213,0.447551846504211,0.301674216985703,0.653095960617065,2.10755814484324,0.130687981843948
358,Ecuador,2017,44,6.00799989700317,0.4551981985569,0.150112465023994,0.685636222362518,1.8821975428976354,0.140134647488594
359,El Salvador,2017,45,6.00299978256226,0.432452529668808,0.0782579854130745,0.596018552780151,3.2184825798819907,0.0899809598922729
360,Poland,2017,46,5.97300004959106,0.520342111587524,0.158465966582298,0.699475347995758,3.56348856845363,0.0593078061938286
361,Uzbekistan,2017,47,5.97100019454956,0.658248662948608,0.415983647108078,0.498272627592087,3.471580618847444,0.246528223156929
362,Italy,2017,48,5.96400022506714,0.256450712680817,0.17278964817524,0.853144347667694,2.372679720118312,0.0280280914157629
363,Russia,2017,49,5.96299982070923,0.373783111572266,0.0522638224065304,0.547349333763123,3.75752313633267,0.0329628810286522
364,Belize,2017,50,5.95599985122681,0.547509372234344,0.240015640854836,0.450191766023636,3.4943242173202966,0.0965810716152191
365,Japan,2017,51,5.92000007629395,0.505625545978546,0.12057276815176,0.913475871086121,1.9765047361847015,0.163760736584663
366,Lithuania,2017,52,5.90199995040894,0.234231784939766,0.010164656676352,0.62894994020462,1.8120884139480788,0.0118656428530812
367,Algeria,2017,53,5.87200021743774,0.233335807919502,0.0694366469979286,0.617584645748138,2.1379555031181487,0.146096110343933
368,Latvia,2017,54,5.84999990463257,0.325707912445068,0.153074786067009,0.638566970825195,3.072648827952034,0.0738427266478539
369,South Korea,2017,55,5.83799982070923,0.257921665906906,0.206674367189407,0.900214076042175,3.2706214083836556,0.0632826685905457
370,Moldova,2017,56,5.83799982070923,0.240729048848152,0.208779126405716,0.589465200901031,3.1494568203995215,0.0100912861526012
371,Romania,2017,57,5.82499980926514,0.457003742456436,0.133519917726517,0.685158312320709,1.809860915391367,0.00438790069893
372,Bolivia,2017,58,5.82299995422363,0.558732926845551,0.22556072473526,0.473630249500275,2.4600704801467175,0.0604777261614799
373,Turkmenistan,2017,59,5.82200002670288,0.41827192902565,0.24992498755455,0.437726080417633,2.806449047332106,0.259270340204239
374,Kazakhstan,2017,60,5.81899976730347,0.437454283237457,0.201964423060417,0.606041550636292,3.081911434153158,0.119282886385918
375,North Cyprus,2017,61,5.80999994277954,0.471203625202179,0.266845703125,0.834647238254547,3.0797856487438993,0.155353352427483
376,Slovenia,2017,62,5.75799989700317,0.572575807571411,0.242649093270302,0.790828227996826,2.952168544120078,0.0451289787888527
377,Peru,2017,63,5.71500015258789,0.450002878904343,0.126819714903831,0.630166113376617,3.1001484579322747,0.0470490865409374
378,Mauritius,2017,64,5.62900018692017,0.491247326135635,0.360933750867844,0.638007462024689,3.1193978924230588,0.0421815551817417
379,Cyprus,2017,65,5.62099981307983,0.355111539363861,0.271254301071167,0.84471470117569,2.2487623540309247,0.0412379764020443
380,Estonia,2017,66,5.61100006103516,0.479131430387497,0.0988908112049103,0.695168316364288,3.3469851988316295,0.183248922228813
381,Belarus,2017,67,5.56899976730347,0.295400261878967,0.15513750910759,0.637714266777039,3.347219495995853,0.156313821673393
382,Libya,2017,68,5.52500009536743,0.465733230113983,0.152073666453362,0.520169019699097,2.5581644766128937,0.0926102101802826
383,Turkey,2017,69,5.5,0.300740599632263,0.0466930419206619,0.637605607509613,2.228837167681963,0.0996715798974037
384,Paraguay,2017,70,5.49300003051758,0.473507791757584,0.224150657653809,0.579250693321228,2.6077036331205155,0.091065913438797
385,"Hong Kong S.A.R., China",2017,71,5.47200012207031,0.490968644618988,0.374465793371201,0.943062424659729,2.739046863921415,0.293933749198914
386,Philippines,2017,72,5.42999982833862,0.585214674472809,0.193513423204422,0.468009054660797,3.998982684908625,0.0993318930268288
387,Serbia,2017,73,5.39499998092651,0.208715528249741,0.220125883817673,0.65078467130661,3.163692948999167,0.0409037806093693
388,Jordan,2017,74,5.33599996566772,0.418421149253845,0.172170460224152,0.604590058326721,2.2893547287021843,0.11980327218771
389,Hungary,2017,75,5.32399988174438,0.175863519310951,0.0784016624093056,0.687763452529907,1.881670601360882,0.0366369374096394
390,Jamaica,2017,76,5.31099987030029,0.474307239055634,0.233818337321281,0.641022384166718,2.8892010193256725,0.0552677810192108
391,Croatia,2017,77,5.29300022125244,0.255772292613983,0.248002976179123,0.701288521289825,1.6068568439608597,0.0431031100451946
392,Kosovo,2017,78,5.27899980545044,0.260287940502167,0.319931447505951,0.541452050209045,1.9238915813383237,0.0574716180562973
393,China,2017,79,5.27299976348877,0.472787708044052,0.0288068410009146,0.741415500640869,2.16067354612956,0.0227942746132612
394,Pakistan,2017,80,5.26900005340576,0.23521526157856,0.315446019172668,0.402047783136368,2.784003500959671,0.124348066747189
395,Indonesia,2017,81,5.26200008392334,0.443323463201523,0.611704587936401,0.492345720529556,1.8138107159052277,0.0153171354904771
396,Venezuela,2017,82,5.25,0.153997123241425,0.0650196298956871,0.617144227027893,2.464477949814702,0.0644911229610443
397,Montenegro,2017,83,5.23699998855591,0.194989055395126,0.197911024093628,0.667464673519135,2.649523996760844,0.0881741940975189
398,Morocco,2017,84,5.2350001335144,0.408158332109451,0.0322099551558495,0.59771066904068,2.435421884381664,0.0877631828188896
399,Azerbaijan,2017,85,5.23400020599365,0.398155838251114,0.0452693402767181,0.540775775909424,1.6006023065449975,0.180987507104874
400,Dominican Republic,2017,86,5.23000001907349,0.55258983373642,0.186967849731445,0.574873745441437,2.8389946698085256,0.113945253193378
401,Greece,2017,87,5.22700023651123,0.0957312509417534,0.0,0.810198903083801,2.51062066633507,0.04328977689147
402,Lebanon,2017,88,5.22499990463257,0.288515985012054,0.264450758695602,0.735081076622009,3.189646195040176,0.037513829767704
403,Portugal,2017,89,5.19500017166138,0.498465299606323,0.0951027125120163,0.795843541622162,3.0438403768270628,0.0158694516867399
404,Bosnia and Herzegovina,2017,90,5.18200016021729,0.204403176903725,0.328867495059967,0.705186307430267,2.024494419493527,0.0
405,Honduras,2017,91,5.18100023269653,0.348079860210419,0.236188873648643,0.582569479942322,1.2074008604174666,0.0733454525470734
406,Macedonia,2017,92,5.17500019073486,0.325905978679657,0.25376096367836,0.644948184490204,2.085044087268261,0.0602777935564518
407,Somalia,2017,93,5.15100002288818,0.602126955986023,0.291631311178207,0.113989137113094,2.505554331310171,0.282410323619843
408,Vietnam,2017,94,5.07399988174438,0.571055591106415,0.234968051314354,0.652168989181519,1.0866287353699484,0.0876332372426987
409,Nigeria,2017,95,5.07399988174438,0.394952565431595,0.230947196483612,0.0569157302379608,2.407695341182906,0.0261215660721064
410,Tajikistan,2017,96,5.04099988937378,0.471566706895828,0.248997643589973,0.529235124588013,2.2984385475183697,0.146377146244049
411,Bhutan,2017,97,5.01100015640259,0.501537680625916,0.474054545164108,0.495879292488098,1.4556463080947604,0.173380389809608
412,Kyrgyzstan,2017,98,5.00400018692017,0.454943388700485,0.42858037352562,0.553457796573639,2.4482414712452094,0.0394391790032387
413,Nepal,2017,99,4.96199989318848,0.440305948257446,0.394096165895462,0.504130780696869,1.8051794407471504,0.0729755461215973
414,Mongolia,2017,100,4.95499992370605,0.394143968820572,0.338464230298996,0.557783484458923,2.289171587649628,0.0329022891819477
415,South Africa,2017,101,4.8289999961853,0.479246735572815,0.139362379908562,0.187080070376396,2.038185599327205,0.0725094974040985
416,Tunisia,2017,102,4.80499982833862,0.289680689573288,0.0496933571994305,0.613212049007416,3.1710412373593915,0.0867231488227844
417,Palestinian Territories,2017,103,4.77500009536743,0.25471106171608,0.114173173904419,0.565666973590851,2.788879772579553,0.0892826020717621
418,Egypt,2017,104,4.7350001335144,0.282110154628754,0.128631442785263,0.520187258720398,3.0677365207210543,0.114381365478039
419,Bulgaria,2017,105,4.71400022506714,0.289231717586517,0.113177694380283,0.708217680454254,1.8136112076996305,0.0110515309497714
420,Sierra Leone,2017,106,4.70900011062622,0.318697690963745,0.293040901422501,0.0055647538974881,1.4776751380138564,0.0710951760411263
421,Cameroon,2017,107,4.69500017166138,0.430388748645782,0.236298456788063,0.132892116904259,2.4136255629043224,0.0513066314160824
422,Iran,2017,108,4.69199991226196,0.249322608113289,0.387242913246155,0.639333188533783,1.8196969932447362,0.048761073499918
423,Albania,2017,109,4.64400005340576,0.381498634815216,0.201312944293022,0.731159746646881,1.4881444376302846,0.0398642159998417
424,Bangladesh,2017,110,4.60799980163574,0.478356659412384,0.172255352139473,0.533241033554077,2.7423082698411307,0.123717859387398
425,Namibia,2017,111,4.57399988174438,0.520303547382355,0.0771337449550629,0.33861181139946,2.2234721375658584,0.0931469723582268
426,Kenya,2017,112,4.55299997329712,0.452763766050339,0.444860309362411,0.309988349676132,2.679124333768246,0.0646413192152977
427,Mozambique,2017,113,4.55000019073486,0.480791091918945,0.322228103876114,0.106654435396194,2.5105202435168863,0.179436385631561
428,Myanmar,2017,114,4.54500007629395,0.514492034912109,0.838075160980225,0.397522568702698,1.7256089453734338,0.188816204667091
429,Senegal,2017,115,4.53499984741211,0.377922266721725,0.183468893170357,0.409362852573395,1.311275070384588,0.115460447967052
430,Zambia,2017,116,4.51399993896484,0.461603492498398,0.249580144882202,0.257835894823074,1.073795963586587,0.0782135501503944
431,Iraq,2017,117,4.49700021743774,0.288555532693863,0.19963726401329,0.501180469989777,1.905967969496929,0.107215754687786
432,Gabon,2017,118,4.46500015258789,0.312328577041626,0.0437853783369064,0.356578588485718,1.68382838250431,0.0760467872023582
433,Ethiopia,2017,119,4.46000003814697,0.408842742443085,0.312650740146637,0.353409707546234,1.3056878630110351,0.165455713868141
434,Sri Lanka,2017,120,4.44000005722046,0.561213254928589,0.490863561630249,0.625130832195282,1.0,0.0736539661884308
435,Armenia,2017,121,4.37599992752075,0.198303267359734,0.0834880918264389,0.637524425983429,1.4332864153228952,0.0266744215041399
436,India,2017,122,4.31500005722046,0.469987004995346,0.231538489460945,0.455427616834641,1.210132672146514,0.0922268852591515
437,Mauritania,2017,123,4.29199981689453,0.0960980430245399,0.201870024204254,0.285349279642105,1.3913020008776986,0.136957004666328
438,Congo (Brazzaville),2017,124,4.29099988937378,0.435025870800018,0.120852127671242,0.28995743393898,1.574708223192697,0.0796181336045265
439,Georgia,2017,125,4.28599977493286,0.309410035610199,0.0540088154375553,0.649546980857849,1.4400963196546128,0.251666635274887
440,Congo (Kinshasa),2017,126,4.28000020980835,0.235961347818375,0.246455833315849,0.191407024860382,1.553095443842108,0.0602413564920425
441,Mali,2017,127,4.19000005722046,0.306613743305206,0.183354198932648,0.169365674257278,2.155903730180592,0.104970246553421
442,Ivory Coast,2017,128,4.17999982833862,0.447706192731857,0.201237469911575,0.0486421696841717,2.700805332952277,0.130061775445938
443,Cambodia,2017,129,4.16800022125244,0.633375823497772,0.385922968387604,0.429783403873444,1.311379976586411,0.0681059509515762
444,Sudan,2017,130,4.13899993896484,0.0149958552792668,0.182317450642586,0.290920823812485,2.09992157753265,0.089847519993782
445,Ghana,2017,131,4.11999988555908,0.423026293516159,0.256923943758011,0.295637726783752,1.0161693313664248,0.0253363698720932
446,Ukraine,2017,132,4.09600019454956,0.122974775731564,0.270061463117599,0.575903952121735,2.3053672700425567,0.0230294708162546
447,Uganda,2017,133,4.08099985122681,0.443185955286026,0.325766056776047,0.217632606625557,1.5257712196034616,0.057069718837738
448,Burkina Faso,2017,134,4.03200006484985,0.324367851018906,0.250864684581757,0.215844258666039,2.7515379227614476,0.120328105986118
449,Niger,2017,135,4.02799987792969,0.36365869641304,0.228673845529556,0.26850500702858,2.4152432338907346,0.138572946190834
450,Malawi,2017,136,3.97000002861023,0.466914653778076,0.287170469760895,0.315089583396912,1.727179964218885,0.0727116540074348
451,Chad,2017,137,3.93600010871887,0.16234202682972,0.216113850474358,0.0411347150802612,2.1335345125305776,0.0535818822681904
452,Zimbabwe,2017,138,3.875,0.336384207010269,0.189143493771553,0.196763753890991,1.2978901701169696,0.0953753814101219
453,Lesotho,2017,139,3.80800008773804,0.390661299228668,0.157497271895409,0.0,1.9712345074253927,0.119094640016556
454,Angola,2017,140,3.79500007629395,0.0,0.097926490008831,0.0498686656355858,1.2700547375820386,0.0697203353047371
455,Afghanistan,2017,141,3.79399991035461,0.106179520487785,0.311870932579041,0.180746778845787,1.2349370535554798,0.0611578300595284
456,Botswana,2017,142,3.76600003242493,0.505196332931519,0.0993484482169151,0.341755509376526,1.440485198157155,0.0985831990838051
457,Benin,2017,143,3.65700006484985,0.425962775945663,0.207948461174965,0.209930211305618,2.887063801439518,0.0609290152788162
458,Madagascar,2017,144,3.64400005340576,0.189196765422821,0.208732530474663,0.375223308801651,1.0718648693583321,0.0672319754958153
459,Haiti,2017,145,3.6029999256134,0.0303698573261499,0.489203780889511,0.277321130037308,1.5846760474934096,0.0998721495270729
460,Yemen,2017,146,3.59299993515015,0.249463722109795,0.104125209152699,0.310080915689468,1.3300280071241117,0.0567674227058887
461,South Sudan,2017,147,3.59100008010864,0.147062435746193,0.285670816898346,0.163486003875732,1.2315086961713357,0.116793513298035
462,Liberia,2017,148,3.53299999237061,0.332881182432175,0.26654988527298,0.229918196797371,1.0816633551622767,0.0389482490718365
463,Guinea,2017,149,3.50699996948242,0.348587512969971,0.264815092086792,0.194129139184952,1.4076617577422088,0.110937617719173
464,Togo,2017,150,3.49499988555908,0.38042613863945,0.196896150708199,0.247105568647385,1.1902578924638296,0.0956650152802467
465,Rwanda,2017,151,3.47099995613098,0.581843852996826,0.252756029367447,0.326424807310104,1.5925555657401724,0.455220013856888
466,Syria,2017,152,3.46199989318848,0.0815394446253777,0.493663728237152,0.50053334236145,1.294494148602085,0.151347130537033
467,Tanzania,2017,153,3.34899997711182,0.390017777681351,0.354256361722946,0.364509284496307,1.3768799036465078,0.0660351067781448
468,Burundi,2017,154,2.90499997138977,0.0599007532000542,0.204435184597969,0.151610791683197,1.2486712675700475,0.0841479450464249
469,Central African Republic,2017,155,2.69300007820129,0.270842045545578,0.280876487493515,0.0187726859003305,1.331957946602422,0.0565650761127472
470,Finland,2018,1,7.632,0.681,0.202,0.874,4.041071986625883,0.393
471,Norway,2018,2,7.594,0.686,0.286,0.861,3.6778193183402643,0.34
472,Denmark,2018,3,7.555,0.683,0.284,0.868,3.763991637443416,0.408
473,Iceland,2018,4,7.495,0.677,0.353,0.914,4.301655721079145,0.138
474,Switzerland,2018,5,7.487,0.66,0.256,0.927,3.7670417057806596,0.357
475,Netherlands,2018,6,7.441,0.638,0.333,0.878,3.6336948659257877,0.295
476,Canada,2018,7,7.328,0.653,0.321,0.896,3.778926596028692,0.291
477,New Zealand,2018,8,7.324,0.669,0.365,0.876,3.787514502988358,0.389
478,Sweden,2018,9,7.314,0.659,0.285,0.913,3.4909712757411335,0.383
479,Australia,2018,10,7.272,0.647,0.361,0.91,3.7946037815184974,0.302
480,United Kingdom,2018,11,7.19,0.464,0.262,0.888,3.416340674422117,0.082
481,Austria,2018,12,7.139,0.617,0.242,0.891,2.6006983366953644,0.224
482,Costa Rica,2018,13,7.072,0.632,0.143,0.817,3.8084793929070075,0.101
483,Ireland,2018,14,6.977,0.614,0.307,0.876,2.7746926935414247,0.306
484,Germany,2018,15,6.965,0.586,0.273,0.861,4.032997919411201,0.28
485,Belgium,2018,16,6.927,0.583,0.188,0.894,2.667762216950317,0.24
486,Luxembourg,2018,17,6.91,0.632,0.196,0.896,4.777464660331185,0.321
487,United States,2018,18,6.886,0.547,0.291,0.819,3.8036456941264314,0.133
488,Israel,2018,19,6.814,0.533,0.354,0.883,3.6981030537315718,0.272
489,United Arab Emirates,2018,20,6.774,0.284,0.186,0.67,4.1673069006823065,
490,Czech Republic,2018,21,6.711,0.543,0.064,0.854,3.547950099691773,0.034
491,Malta,2018,22,6.627,0.645,0.376,0.884,3.8966219066312457,0.142
492,France,2018,23,6.489,0.52,0.098,0.908,2.8412383617392964,0.176
493,Mexico,2018,24,6.488,0.479,0.069,0.761,4.580737447946149,0.095
494,Chile,2018,25,6.476,0.431,0.197,0.808,2.8965778834293476,0.061
495,Taiwan,2018,26,6.441,0.418,0.151,0.857,3.773186990807762,0.078
496,Panama,2018,27,6.43,0.597,0.125,0.759,3.0257227846007764,0.063
497,Brazil,2018,28,6.419,0.493,0.11,0.675,5.421757365092486,0.088
498,Argentina,2018,29,6.388,0.57,0.062,0.744,3.5886640416632662,0.054
499,Guatemala,2018,30,6.382,0.604,0.179,0.608,2.867699097375251,0.071
500,Uruguay,2018,31,6.379,0.625,0.13,0.771,3.2510564335527357,0.155
501,Qatar,2018,32,6.374,0.654,0.256,0.748,2.891166344153525,0.171
502,Saudi Arabia,2018,33,6.371,0.509,0.098,0.633,2.5058048992714914,0.127
503,Singapore,2018,34,6.343,0.631,0.261,1.008,2.6297794937655925,0.457
504,Malaysia,2018,35,6.322,0.356,0.311,0.669,4.036629251392949,0.059
505,Spain,2018,36,6.31,0.449,0.142,0.965,3.421605892237863,0.074
506,Colombia,2018,37,6.26,0.531,0.099,0.635,3.3447769174134296,0.039
507,Trinidad & Tobago,2018,38,6.192,0.575,0.171,0.564,3.636348431611549,0.019
508,Slovakia,2018,39,6.173,0.354,0.118,0.776,4.731394597708685,0.014
509,El Salvador,2018,40,6.167,0.461,0.065,0.639,2.7056441039062733,0.082
510,Nicaragua,2018,41,6.141,0.527,0.208,0.7,3.35962714813243,0.128
511,Poland,2018,42,6.123,0.546,0.108,0.781,2.148006064571625,0.064
512,Bahrain,2018,43,6.105,0.594,0.243,0.698,2.10755814484324,0.123
513,Uzbekistan,2018,44,6.096,0.724,0.328,0.605,1.8821975428976354,0.259
514,Kuwait,2018,45,6.083,0.554,0.167,0.675,3.2184825798819907,0.106
515,Thailand,2018,46,6.072,0.637,0.364,0.707,3.56348856845363,0.029
516,Italy,2018,47,6.0,0.281,0.137,0.946,3.471580618847444,0.028
517,Ecuador,2018,48,5.973,0.556,0.114,0.736,2.372679720118312,0.12
518,Belize,2018,49,5.956,0.593,0.183,0.474,3.75752313633267,0.089
519,Lithuania,2018,50,5.952,0.35,0.026,0.716,3.4943242173202966,0.006
520,Slovenia,2018,51,5.948,0.633,0.16,0.856,1.9765047361847015,0.051
521,Romania,2018,52,5.945,0.528,0.088,0.726,1.8120884139480788,0.001
522,Latvia,2018,53,5.933,0.363,0.092,0.671,2.1379555031181487,0.066
523,Japan,2018,54,5.915,0.553,0.079,0.988,3.072648827952034,0.15
524,Mauritius,2018,55,5.891,0.584,0.245,0.684,3.2706214083836556,0.05
525,Jamaica,2018,56,5.89,0.575,0.096,0.693,3.1494568203995215,0.031
526,South Korea,2018,57,5.875,0.244,0.175,0.955,1.809860915391367,0.051
527,Northern Cyprus,2018,58,5.835,0.495,0.179,0.909,2.4600704801467175,0.154
528,Russia,2018,59,5.81,0.399,0.065,0.599,2.806449047332106,0.025
529,Kazakhstan,2018,60,5.79,0.454,0.148,0.631,3.081911434153158,0.121
530,Cyprus,2018,61,5.762,0.423,0.202,0.909,3.0797856487438993,0.035
531,Bolivia,2018,62,5.752,0.606,0.141,0.508,2.952168544120078,0.054
532,Estonia,2018,63,5.739,0.553,0.086,0.737,3.1001484579322747,0.174
533,Paraguay,2018,64,5.681,0.541,0.162,0.615,3.1193978924230588,0.074
534,Peru,2018,65,5.663,0.53,0.092,0.674,2.2487623540309247,0.034
535,Kosovo,2018,66,5.662,0.448,0.274,0.578,3.3469851988316295,0.023
536,Moldova,2018,67,5.64,0.232,0.171,0.62,3.347219495995853,0.0
537,Turkmenistan,2018,68,5.636,0.417,0.199,0.517,2.5581644766128937,0.037
538,Hungary,2018,69,5.62,0.259,0.061,0.732,2.228837167681963,0.022
539,Libya,2018,70,5.566,0.496,0.116,0.553,2.6077036331205155,0.148
540,Philippines,2018,71,5.524,0.643,0.12,0.513,2.739046863921415,0.105
541,Honduras,2018,72,5.504,0.459,0.197,0.622,3.998982684908625,0.074
542,Belarus,2018,73,5.483,0.307,0.101,0.7,3.163692948999167,0.154
543,Turkey,2018,74,5.483,0.324,0.106,0.686,2.2893547287021843,0.109
544,Pakistan,2018,75,5.472,0.334,0.216,0.424,1.881670601360882,0.113
545,Hong Kong,2018,76,5.43,0.524,0.246,1.03,2.8892010193256725,0.291
546,Portugal,2018,77,5.41,0.562,0.055,0.884,1.6068568439608597,0.017
547,Serbia,2018,78,5.398,0.288,0.134,0.685,1.9238915813383237,0.043
548,Greece,2018,79,5.358,0.131,0.0,0.879,2.16067354612956,0.044
549,Lebanon,2018,80,5.358,0.503,0.214,0.785,2.784003500959671,0.136
550,Montenegro,2018,81,5.347,0.259,0.111,0.729,1.8138107159052277,0.081
551,Croatia,2018,82,5.321,0.38,0.12,0.737,2.464477949814702,0.039
552,Dominican Republic,2018,83,5.302,0.578,0.12,0.614,2.649523996760844,0.106
553,Algeria,2018,84,5.295,0.077,0.055,0.687,2.435421884381664,0.135
554,Morocco,2018,85,5.254,0.46,0.026,0.669,1.6006023065449975,0.074
555,China,2018,86,5.246,0.597,0.029,0.799,2.8389946698085256,0.103
556,Azerbaijan,2018,87,5.201,0.43,0.031,0.603,2.51062066633507,0.176
557,Tajikistan,2018,88,5.199,0.292,0.187,0.598,3.189646195040176,0.034
558,Macedonia,2018,89,5.185,0.394,0.173,0.691,3.0438403768270628,0.052
559,Jordan,2018,90,5.161,0.468,0.13,0.645,2.024494419493527,0.134
560,Nigeria,2018,91,5.155,0.462,0.201,0.048,1.2074008604174666,0.032
561,Kyrgyzstan,2018,92,5.131,0.54,0.281,0.594,2.085044087268261,0.035
562,Bosnia and Herzegovina,2018,93,5.129,0.28,0.216,0.758,2.505554331310171,0.0
563,Mongolia,2018,94,5.125,0.395,0.253,0.575,1.0866287353699484,0.032
564,Vietnam,2018,95,5.103,0.618,0.177,0.702,2.407695341182906,0.079
565,Indonesia,2018,96,5.093,0.538,0.484,0.522,2.2984385475183697,0.018
566,Bhutan,2018,97,5.082,0.541,0.364,0.527,1.4556463080947604,0.171
567,Somalia,2018,98,4.982,0.674,0.238,0.115,2.4482414712452094,0.282
568,Cameroon,2018,99,4.975,0.454,0.183,0.182,1.8051794407471504,0.043
569,Bulgaria,2018,100,4.933,0.359,0.064,0.712,2.289171587649628,0.009
570,Nepal,2018,101,4.88,0.526,0.302,0.539,2.038185599327205,0.078
571,Venezuela,2018,102,4.806,0.133,0.056,0.657,3.1710412373593915,0.052
572,Gabon,2018,103,4.758,0.356,0.032,0.404,2.788879772579553,0.052
573,Palestinian Territories,2018,104,4.743,0.266,0.086,0.602,3.0677365207210543,0.076
574,South Africa,2018,105,4.724,0.516,0.103,0.33,1.8136112076996305,0.056
575,Iran,2018,106,4.707,0.459,0.282,0.691,1.4776751380138564,0.129
576,Ivory Coast,2018,107,4.671,0.467,0.146,0.08,2.4136255629043224,0.103
577,Ghana,2018,108,4.657,0.499,0.212,0.337,1.8196969932447362,0.029
578,Senegal,2018,109,4.631,0.406,0.138,0.433,1.4881444376302846,0.082
579,Laos,2018,110,4.623,0.626,0.23,0.441,2.7423082698411307,0.174
580,Tunisia,2018,111,4.592,0.271,0.04,0.69,2.2234721375658584,0.063
581,Albania,2018,112,4.586,0.419,0.149,0.79,2.679124333768246,0.032
582,Sierra Leone,2018,113,4.571,0.355,0.238,0.0,2.5105202435168863,0.053
583,Congo (Brazzaville),2018,114,4.559,0.514,0.091,0.343,1.7256089453734338,0.077
584,Bangladesh,2018,115,4.5,0.58,0.153,0.579,1.311275070384588,0.144
585,Sri Lanka,2018,116,4.471,0.585,0.307,0.672,1.073795963586587,0.05
586,Iraq,2018,117,4.456,0.304,0.148,0.536,1.905967969496929,0.095
587,Mali,2018,118,4.447,0.367,0.139,0.152,1.68382838250431,0.056
588,Namibia,2018,119,4.441,0.519,0.051,0.365,1.3056878630110351,0.064
589,Cambodia,2018,120,4.433,0.696,0.256,0.457,1.0,0.065
590,Burkina Faso,2018,121,4.424,0.312,0.175,0.254,1.4332864153228952,0.128
591,Egypt,2018,122,4.419,0.312,0.092,0.553,1.210132672146514,0.107
592,Mozambique,2018,123,4.417,0.531,0.206,0.173,1.3913020008776986,0.158
593,Kenya,2018,124,4.41,0.504,0.352,0.454,1.574708223192697,0.055
594,Zambia,2018,125,4.377,0.503,0.221,0.295,1.4400963196546128,0.082
595,Mauritania,2018,126,4.356,0.129,0.134,0.292,1.553095443842108,0.093
596,Ethiopia,2018,127,4.35,0.452,0.22,0.391,2.155903730180592,0.146
597,Georgia,2018,128,4.34,0.375,0.038,0.643,2.700805332952277,0.215
598,Armenia,2018,129,4.321,0.26,0.077,0.666,1.311379976586411,0.028
599,Myanmar,2018,130,4.308,0.58,0.598,0.429,2.09992157753265,0.178
600,Chad,2018,131,4.301,0.189,0.181,0.053,1.0161693313664248,0.06
601,Congo (Kinshasa),2018,132,4.245,0.312,0.197,0.204,2.3053672700425567,0.052
602,India,2018,133,4.19,0.539,0.172,0.485,1.5257712196034616,0.093
603,Niger,2018,134,4.166,0.39,0.175,0.221,2.7515379227614476,0.099
604,Uganda,2018,135,4.161,0.45,0.259,0.237,2.4152432338907346,0.061
605,Benin,2018,136,4.141,0.44,0.163,0.24,1.727179964218885,0.067
606,Sudan,2018,137,4.139,0.016,0.134,0.312,2.1335345125305776,0.082
607,Ukraine,2018,138,4.103,0.163,0.187,0.609,1.2978901701169696,0.011
608,Togo,2018,139,3.999,0.434,0.158,0.253,1.9712345074253927,0.101
609,Guinea,2018,140,3.964,0.394,0.185,0.211,1.2700547375820386,0.094
610,Lesotho,2018,141,3.808,0.423,0.116,0.079,1.2349370535554798,0.112
611,Angola,2018,142,3.795,0.0,0.079,0.269,1.440485198157155,0.061
612,Madagascar,2018,143,3.774,0.221,0.155,0.402,2.887063801439518,0.049
613,Zimbabwe,2018,144,3.692,0.406,0.132,0.248,1.0718648693583321,0.099
614,Afghanistan,2018,145,3.632,0.085,0.191,0.255,1.5846760474934096,0.036
615,Botswana,2018,146,3.59,0.557,0.042,0.417,1.3300280071241117,0.092
616,Malawi,2018,147,3.587,0.531,0.21,0.306,1.2315086961713357,0.08
617,Haiti,2018,148,3.582,0.025,0.392,0.289,1.0816633551622767,0.104
618,Liberia,2018,149,3.495,0.419,0.206,0.267,1.4076617577422088,0.03
619,Syria,2018,150,3.462,0.088,0.376,0.539,1.1902578924638296,0.144
620,Rwanda,2018,151,3.408,0.636,0.2,0.4,1.5925555657401724,0.444
621,Yemen,2018,152,3.355,0.244,0.083,0.343,1.294494148602085,0.064
622,Tanzania,2018,153,3.303,0.481,0.27,0.381,1.3768799036465078,0.097
623,South Sudan,2018,154,3.254,0.112,0.224,0.177,1.2486712675700475,0.106
624,Central African Republic,2018,155,3.083,0.305,0.218,0.01,1.331957946602422,0.038
625,Burundi,2018,156,2.905,0.065,0.149,0.145,1.9409935865838748,0.076
626,Finland,2019,1,7.769,0.596,0.153,0.986,4.041071986625883,0.393
627,Denmark,2019,2,7.6,0.592,0.252,0.996,3.6778193183402643,0.41
628,Norway,2019,3,7.554,0.603,0.271,1.028,3.763991637443416,0.341
629,Iceland,2019,4,7.494,0.591,0.354,1.026,4.301655721079145,0.118
630,Netherlands,2019,5,7.488,0.557,0.322,0.999,3.7670417057806596,0.298
631,Switzerland,2019,6,7.48,0.572,0.263,1.052,3.6336948659257877,0.343
632,Sweden,2019,7,7.343,0.574,0.267,1.009,3.778926596028692,0.373
633,New Zealand,2019,8,7.307,0.585,0.33,1.026,3.787514502988358,0.38
634,Canada,2019,9,7.278,0.584,0.285,1.039,3.4909712757411335,0.308
635,Austria,2019,10,7.246,0.532,0.244,1.016,3.7946037815184974,0.226
636,Australia,2019,11,7.228,0.557,0.332,1.036,3.416340674422117,0.29
637,Costa Rica,2019,12,7.167,0.558,0.144,0.963,2.6006983366953644,0.093
638,Israel,2019,13,7.139,0.371,0.261,1.029,3.8084793929070075,0.082
639,Luxembourg,2019,14,7.09,0.526,0.194,1.012,2.7746926935414247,0.316
640,United Kingdom,2019,15,7.054,0.45,0.348,0.996,4.032997919411201,0.278
641,Ireland,2019,16,7.021,0.516,0.298,0.999,2.667762216950317,0.31
642,Germany,2019,17,6.985,0.495,0.261,0.987,4.777464660331185,0.265
643,Belgium,2019,18,6.923,0.473,0.16,0.986,3.8036456941264314,0.21
644,United States,2019,19,6.892,0.454,0.28,0.874,3.6981030537315718,0.128
645,Czech Republic,2019,20,6.852,0.457,0.046,0.92,4.1673069006823065,0.036
646,United Arab Emirates,2019,21,6.825,0.598,0.262,0.825,3.547950099691773,0.182
647,Malta,2019,22,6.726,0.564,0.375,0.999,3.8966219066312457,0.151
648,Mexico,2019,23,6.595,0.433,0.074,0.861,2.8412383617392964,0.073
649,France,2019,24,6.592,0.436,0.111,1.045,4.580737447946149,0.183
650,Taiwan,2019,25,6.446,0.351,0.242,0.914,2.8965778834293476,0.097
651,Chile,2019,26,6.444,0.357,0.187,0.92,3.773186990807762,0.056
652,Guatemala,2019,27,6.436,0.535,0.175,0.746,3.0257227846007764,0.078
653,Saudi Arabia,2019,28,6.375,0.439,0.08,0.795,5.421757365092486,0.132
654,Qatar,2019,29,6.374,0.555,0.22,0.871,3.5886640416632662,0.167
655,Spain,2019,30,6.354,0.362,0.153,1.062,2.867699097375251,0.079
656,Panama,2019,31,6.321,0.516,0.109,0.91,3.2510564335527357,0.054
657,Brazil,2019,32,6.3,0.39,0.099,0.802,2.891166344153525,0.086
658,Uruguay,2019,33,6.293,0.523,0.127,0.891,2.5058048992714914,0.15
659,Singapore,2019,34,6.262,0.556,0.271,1.141,2.6297794937655925,0.453
660,El Salvador,2019,35,6.253,0.43,0.093,0.789,4.036629251392949,0.074
661,Italy,2019,36,6.223,0.231,0.158,1.039,3.421605892237863,0.03
662,Bahrain,2019,37,6.199,0.536,0.255,0.871,3.3447769174134296,0.11
663,Slovakia,2019,38,6.198,0.334,0.121,0.881,3.636348431611549,0.014
664,Trinidad & Tobago,2019,39,6.192,0.489,0.185,0.713,4.731394597708685,0.016
665,Poland,2019,40,6.182,0.483,0.117,0.884,2.7056441039062733,0.05
666,Uzbekistan,2019,41,6.174,0.631,0.322,0.756,3.35962714813243,0.24
667,Lithuania,2019,42,6.149,0.291,0.043,0.818,2.148006064571625,0.042
668,Colombia,2019,43,6.125,0.47,0.099,0.841,2.10755814484324,0.034
669,Slovenia,2019,44,6.118,0.564,0.144,0.953,1.8821975428976354,0.057
670,Nicaragua,2019,45,6.105,0.435,0.2,0.835,3.2184825798819907,0.127
671,Kosovo,2019,46,6.1,0.489,0.262,0.758,3.56348856845363,0.006
672,Argentina,2019,47,6.086,0.471,0.066,0.881,3.471580618847444,0.05
673,Romania,2019,48,6.07,0.462,0.083,0.825,2.372679720118312,0.005
674,Cyprus,2019,49,6.046,0.406,0.19,1.042,3.75752313633267,0.041
675,Ecuador,2019,50,6.028,0.498,0.126,0.868,3.4943242173202966,0.087
676,Kuwait,2019,51,6.021,0.493,0.142,0.808,1.9765047361847015,0.097
677,Thailand,2019,52,6.008,0.557,0.359,0.828,1.8120884139480788,0.028
678,Latvia,2019,53,5.94,0.264,0.075,0.812,2.1379555031181487,0.064
679,South Korea,2019,54,5.895,0.159,0.175,1.036,3.072648827952034,0.056
680,Estonia,2019,55,5.893,0.495,0.103,0.874,3.2706214083836556,0.161
681,Jamaica,2019,56,5.89,0.49,0.107,0.831,3.1494568203995215,0.028
682,Mauritius,2019,57,5.888,0.498,0.215,0.798,1.809860915391367,0.06
683,Japan,2019,58,5.886,0.445,0.069,1.088,2.4600704801467175,0.14
684,Honduras,2019,59,5.86,0.507,0.246,0.828,2.806449047332106,0.078
685,Kazakhstan,2019,60,5.809,0.41,0.146,0.729,3.081911434153158,0.096
686,Bolivia,2019,61,5.779,0.511,0.137,0.706,3.0797856487438993,0.064
687,Hungary,2019,62,5.758,0.199,0.081,0.828,2.952168544120078,0.02
688,Paraguay,2019,63,5.743,0.514,0.184,0.777,3.1001484579322747,0.08
689,Northern Cyprus,2019,64,5.718,0.417,0.191,1.042,3.1193978924230588,0.162
690,Peru,2019,65,5.697,0.455,0.083,0.854,2.2487623540309247,0.027
691,Portugal,2019,66,5.693,0.508,0.047,0.999,3.3469851988316295,0.025
692,Pakistan,2019,67,5.653,0.313,0.22,0.535,3.347219495995853,0.098
693,Russia,2019,68,5.648,0.334,0.082,0.726,2.5581644766128937,0.031
694,Philippines,2019,69,5.631,0.558,0.117,0.657,2.228837167681963,0.107
695,Serbia,2019,70,5.603,0.282,0.137,0.854,2.6077036331205155,0.039
696,Moldova,2019,71,5.529,0.245,0.181,0.739,2.739046863921415,0.0
697,Libya,2019,72,5.525,0.416,0.133,0.673,3.998982684908625,0.152
698,Montenegro,2019,73,5.523,0.197,0.142,0.871,3.163692948999167,0.08
699,Tajikistan,2019,74,5.467,0.389,0.23,0.718,2.2893547287021843,0.144
700,Croatia,2019,75,5.432,0.296,0.119,0.914,1.881670601360882,0.022
701,Hong Kong,2019,76,5.43,0.44,0.258,1.122,2.8892010193256725,0.287
702,Dominican Republic,2019,77,5.425,0.497,0.113,0.779,1.6068568439608597,0.101
703,Bosnia and Herzegovina,2019,78,5.386,0.212,0.263,0.845,1.9238915813383237,0.006
704,Turkey,2019,79,5.373,0.195,0.083,0.808,2.16067354612956,0.106
705,Malaysia,2019,80,5.339,0.508,0.26,0.828,2.784003500959671,0.024
706,Belarus,2019,81,5.323,0.235,0.094,0.789,1.8138107159052277,0.142
707,Greece,2019,82,5.287,0.067,0.0,0.999,2.464477949814702,0.034
708,Mongolia,2019,83,5.285,0.317,0.235,0.667,2.649523996760844,0.038
709,North Macedonia,2019,84,5.274,0.345,0.185,0.838,2.435421884381664,0.034
710,Nigeria,2019,85,5.265,0.426,0.215,0.245,1.6006023065449975,0.041
711,Kyrgyzstan,2019,86,5.261,0.508,0.3,0.723,2.8389946698085256,0.023
712,Turkmenistan,2019,87,5.247,0.394,0.244,0.657,2.51062066633507,0.028
713,Algeria,2019,88,5.211,0.086,0.073,0.785,3.189646195040176,0.114
714,Morocco,2019,89,5.208,0.418,0.036,0.782,3.0438403768270628,0.076
715,Azerbaijan,2019,90,5.208,0.351,0.035,0.769,2.024494419493527,0.182
716,Lebanon,2019,91,5.197,0.216,0.166,0.815,1.2074008604174666,0.027
717,Indonesia,2019,92,5.192,0.491,0.498,0.66,2.085044087268261,0.028
718,China,2019,93,5.191,0.521,0.058,0.893,2.505554331310171,0.1
719,Vietnam,2019,94,5.175,0.543,0.147,0.851,1.0866287353699484,0.073
720,Bhutan,2019,95,5.082,0.457,0.37,0.604,2.407695341182906,0.167
721,Cameroon,2019,96,5.044,0.381,0.187,0.331,2.2984385475183697,0.037
722,Bulgaria,2019,97,5.011,0.311,0.081,0.815,1.4556463080947604,0.004
723,Ghana,2019,98,4.996,0.381,0.245,0.486,2.4482414712452094,0.04
724,Ivory Coast,2019,99,4.944,0.352,0.154,0.232,1.8051794407471504,0.09
725,Nepal,2019,100,4.913,0.439,0.285,0.677,2.289171587649628,0.089
726,Jordan,2019,101,4.906,0.383,0.11,0.815,2.038185599327205,0.13
727,Benin,2019,102,4.883,0.349,0.175,0.397,3.1710412373593915,0.082
728,Congo (Brazzaville),2019,103,4.812,0.372,0.105,0.508,2.788879772579553,0.093
729,Gabon,2019,104,4.799,0.295,0.043,0.571,3.0677365207210543,0.055
730,Laos,2019,105,4.796,0.547,0.266,0.551,1.8136112076996305,0.164
731,South Africa,2019,106,4.722,0.389,0.13,0.469,1.4776751380138564,0.055
732,Albania,2019,107,4.719,0.383,0.178,0.874,2.4136255629043224,0.027
733,Venezuela,2019,108,4.707,0.154,0.064,0.805,1.8196969932447362,0.047
734,Cambodia,2019,109,4.7,0.609,0.232,0.637,1.4881444376302846,0.062
735,Palestinian Territories,2019,110,4.696,0.225,0.103,0.672,2.7423082698411307,0.066
736,Senegal,2019,111,4.681,0.292,0.153,0.571,2.2234721375658584,0.072
737,Somalia,2019,112,4.668,0.559,0.243,0.268,2.679124333768246,0.27
738,Namibia,2019,113,4.639,0.401,0.07,0.477,2.5105202435168863,0.056
739,Niger,2019,114,4.628,0.318,0.188,0.366,1.7256089453734338,0.102
740,Burkina Faso,2019,115,4.587,0.255,0.177,0.38,1.311275070384588,0.113
741,Armenia,2019,116,4.559,0.283,0.095,0.815,1.073795963586587,0.064
742,Iran,2019,117,4.548,0.305,0.27,0.785,1.905967969496929,0.125
743,Guinea,2019,118,4.534,0.332,0.207,0.375,1.68382838250431,0.086
744,Georgia,2019,119,4.519,0.346,0.043,0.752,1.3056878630110351,0.164
745,Gambia,2019,120,4.516,0.382,0.269,0.428,1.0,0.167
746,Kenya,2019,121,4.509,0.431,0.372,0.581,1.4332864153228952,0.053
747,Mauritania,2019,122,4.49,0.066,0.106,0.489,1.210132672146514,0.088
748,Mozambique,2019,123,4.466,0.494,0.197,0.39,1.3913020008776986,0.138
749,Tunisia,2019,124,4.461,0.167,0.059,0.815,1.574708223192697,0.055
750,Bangladesh,2019,125,4.456,0.527,0.166,0.723,1.4400963196546128,0.143
751,Iraq,2019,126,4.437,0.241,0.148,0.574,1.553095443842108,0.089
752,Congo (Kinshasa),2019,127,4.418,0.269,0.212,0.357,2.155903730180592,0.053
753,Mali,2019,128,4.39,0.327,0.153,0.308,2.700805332952277,0.052
754,Sierra Leone,2019,129,4.374,0.309,0.252,0.242,1.311379976586411,0.045
755,Sri Lanka,2019,130,4.366,0.47,0.244,0.831,2.09992157753265,0.047
756,Myanmar,2019,131,4.36,0.525,0.566,0.555,1.0161693313664248,0.172
757,Chad,2019,132,4.35,0.174,0.198,0.192,2.3053672700425567,0.078
758,Ukraine,2019,133,4.332,0.178,0.187,0.739,1.5257712196034616,0.01
759,Ethiopia,2019,134,4.286,0.344,0.209,0.532,2.7515379227614476,0.1
760,Swaziland,2019,135,4.212,0.313,0.074,0.0,2.4152432338907346,0.135
761,Uganda,2019,136,4.189,0.356,0.252,0.443,1.727179964218885,0.06
762,Egypt,2019,137,4.166,0.241,0.076,0.644,2.1335345125305776,0.067
763,Zambia,2019,138,4.107,0.431,0.247,0.426,1.2978901701169696,0.087
764,Togo,2019,139,4.085,0.293,0.177,0.41,1.9712345074253927,0.085
765,India,2019,140,4.015,0.498,0.2,0.588,1.2700547375820386,0.085
766,Liberia,2019,141,3.975,0.37,0.233,0.443,1.2349370535554798,0.033
767,Comoros,2019,142,3.973,0.142,0.275,0.505,1.440485198157155,0.078
768,Madagascar,2019,143,3.933,0.148,0.169,0.555,2.887063801439518,0.041
769,Lesotho,2019,144,3.802,0.359,0.107,0.168,1.0718648693583321,0.093
770,Burundi,2019,145,3.775,0.22,0.176,0.38,1.5846760474934096,0.18
771,Zimbabwe,2019,146,3.663,0.361,0.151,0.433,1.3300280071241117,0.089
772,Haiti,2019,147,3.597,0.026,0.419,0.449,1.2315086961713357,0.11
773,Botswana,2019,148,3.488,0.455,0.025,0.538,1.0816633551622767,0.1
774,Syria,2019,149,3.462,0.013,0.331,0.44,1.4076617577422088,0.141
775,Malawi,2019,150,3.41,0.443,0.218,0.495,1.1902578924638296,0.089
776,Yemen,2019,151,3.38,0.143,0.108,0.463,1.5925555657401724,0.077
777,Rwanda,2019,152,3.334,0.555,0.217,0.614,1.294494148602085,0.411
778,Tanzania,2019,153,3.231,0.417,0.276,0.499,1.3768799036465078,0.147
779,Afghanistan,2019,154,3.203,0.0,0.158,0.361,1.2486712675700475,0.025
780,Central African Republic,2019,155,3.083,0.225,0.235,0.105,1.331957946602422,0.035
781,South Sudan,2019,156,2.853,0.01,0.202,0.295,1.9409935865838748,0.091
782,Finland,2020,1,7.808700085,0.949172199,-0.059482019,71.9008255,41742.16174423124,0.195444584
783,Denmark,2020,2,7.645599842,0.951444268,0.066201776,72.40250397,47762.74016214816,0.168489456
784,Switzerland,2020,3,7.559899807,0.921336651,0.105911039,74.10244751,58684.60994943526,0.303728431
785,Iceland,2020,4,7.504499912,0.948891878,0.246944219,73.0,47693.91830973103,0.711709738
786,Norway,2020,5,7.487999916,0.955750287,0.13453263,73.20078278,65369.027523448654,0.263218194
787,Netherlands,2020,6,7.448900223,0.908547819,0.20761244,72.30091858,49647.917252335086,0.364717126
788,Sweden,2020,7,7.353499889,0.939144194,0.111614622,72.60076904,47041.89327708871,0.250880182
789,New Zealand,2020,8,7.299600124,0.936217487,0.191598073,73.20262909,36349.77088806551,0.22113885
790,Austria,2020,9,7.294199944,0.899989486,0.085429221,73.00250244,46296.59059009485,0.499954879
791,Luxembourg,2020,10,7.237500191,0.90563643,-0.004620588,72.59999847,93965.28927257154,0.367084295
792,Canada,2020,11,7.23210001,0.933913231,0.124770768,73.60160065,44018.64222049897,0.390843362
793,Australia,2020,12,7.222799778,0.915431738,0.19046016,73.60453796,45278.895051208514,0.41516912
794,United Kingdom,2020,13,7.164500237,0.834743679,0.263732493,72.30160522,40140.24997863617,0.435915917
795,Israel,2020,14,7.128600121,0.747580588,0.10259372,73.20025635,33440.575935437155,0.78085506
796,Costa Rica,2020,15,7.121399879,0.934738934,-0.10242971,71.29985046,15648.90765297001,0.786332428
797,Ireland,2020,16,7.093699932,0.886982977,0.145784974,72.30078888,70331.72948505037,0.357184172
798,Germany,2020,17,7.075799942,0.867371082,0.080179386,72.20201874,45835.702637790586,0.456422031
799,United States,2020,18,6.939599991,0.842619538,0.149891734,68.29949951,55590.56935861337,0.699715316
800,Czech Republic,2020,19,6.910900116,0.818537354,-0.230861515,70.04793549,32996.717308480154,0.85844624
801,Belgium,2020,20,6.863500118,0.813582063,-0.078691199,72.00164795,43201.8803540905,0.612297952
802,United Arab Emirates,2020,21,6.790800095,0.941345513,0.123450845,67.08278656,66836.10449722972,0.594502211
803,Malta,2020,22,6.772799969,0.924911439,0.214965805,72.19999695,37565.38411147932,0.658547282
804,France,2020,23,6.663799763,0.825467646,-0.130641967,73.80193329,39506.59069465361,0.583521128
805,Mexico,2020,24,6.465000153,0.858709276,-0.175266623,68.29902649,17994.063969196413,0.806821585
806,Taiwan Province of China,2020,25,6.45539999,0.77153033,-0.073198698,69.59999847,47843.24946895624,0.73188293
807,Uruguay,2020,26,6.440100193,0.892395437,-0.101103112,69.00254822,20914.387453037358,0.635994136
808,Saudi Arabia,2020,27,6.406499863,0.854191244,-0.168695062,66.30514526,48913.683377970585,0.682619512
809,Spain,2020,28,6.400899887,0.751989543,-0.050961714,74.40270996,34993.82372850739,0.765859902
810,Guatemala,2020,29,6.398900032,0.908147573,-0.042938665,64.8089447,7516.122364983379,0.783237457
811,Italy,2020,30,6.38740015,0.66465199,-0.043460999,73.60168457,35661.83399042443,0.873404682
812,Singapore,2020,31,6.377099991,0.926645339,0.029879224,76.80458069,88922.56021454895,0.109784193
813,Brazil,2020,32,6.375599861,0.799804807,-0.101812392,66.48016357,14277.424464528973,0.770601273
814,Slovenia,2020,33,6.363399982,0.936142623,-0.080603383,71.1029892,32608.313168003744,0.817071021
815,El Salvador,2020,34,6.34829998,0.833805263,-0.121072978,66.10826111,7398.819481950992,0.754319906
816,Kosovo,2020,35,6.325200081,0.861535907,0.190933764,63.88555527,9941.066881164043,0.922328293
817,Panama,2020,36,6.304800034,0.880366504,-0.153927714,69.60301208,22793.57666428818,0.851588905
818,Slovakia,2020,37,6.280600071,0.749952674,-0.124409303,68.90634155,31186.784489180136,0.918096125
819,Uzbekistan,2020,38,6.257599831,0.974998116,0.248427153,65.10757446,6250.218511754402,0.501497388
820,Chile,2020,39,6.228499889,0.744896293,-0.065668367,69.90061951,22743.96012227844,0.838239431
821,Bahrain,2020,40,6.227300167,0.905855775,0.13372919,68.5,43320.45308127076,0.7393471
822,Lithuania,2020,41,6.215499878,0.747381449,-0.219725296,67.29407501,31058.44465655839,0.809583843
823,Trinidad and Tobago,2020,42,6.191899776,0.857907116,0.000526841,63.5,28566.847325187173,0.912230611
824,Poland,2020,43,6.186299801,0.862055779,-0.205084071,69.31113434,28713.547250186544,0.686927021
825,Colombia,2020,44,6.163400173,0.836179912,-0.161235645,67.69958496,13364.658440766154,0.86457181
826,Cyprus,2020,45,6.15899992,0.779858291,0.043731496,73.70222473,33047.54595411562,0.856271744
827,Nicaragua,2020,46,6.13710022,0.863902867,0.020959141,67.50717926,4881.267740505835,0.665950119
828,Romania,2020,47,6.123700142,0.842823207,-0.19781521,67.20723724,24528.32865013654,0.934300244
829,Kuwait,2020,48,6.102099895,0.872366488,-0.100184701,66.76764679,65501.26143581755,0.760849059
830,Mauritius,2020,49,6.101299763,0.889534533,-0.018318573,66.40434265,21094.890969541488,0.805343091
831,Kazakhstan,2020,50,6.057899952,0.811601937,-0.068488635,64.60996246,24702.466106485866,0.764490843
832,Estonia,2020,51,6.021800041,0.87770915,-0.111697771,68.60495758,30946.566036927165,0.623073816
833,Philippines,2020,52,6.006000042,0.915463448,-0.105463006,61.92676163,8050.951256978413,0.733634114
834,Hungary,2020,53,6.000400066,0.718964577,-0.194323018,67.60997009,28261.161050949497,0.892916501
835,Thailand,2020,54,5.998799801,0.905063033,0.268685192,67.25059509,17013.99849365147,0.886272311
836,Argentina,2020,55,5.974699974,0.831132412,-0.194913864,68.80380249,18232.39157422684,0.842009842
837,Honduras,2020,56,5.953199863,0.870603263,0.086969115,67.19876862,4557.524115834334,0.801131904
838,Latvia,2020,57,5.949999809,0.671237648,-0.186888844,66.8074646,26247.333187454784,0.795580089
839,Ecuador,2020,58,5.925199986,0.859828949,-0.127014965,68.50003815,10363.636461279839,0.801215112
840,Portugal,2020,59,5.910900116,0.888747811,-0.220714301,72.40202332,28673.896263212308,0.892629504
841,Jamaica,2020,60,5.889800072,0.858068526,-0.125106767,67.09999847,8153.889902343299,0.888890028
842,South Korea,2020,61,5.872399807,0.612965107,-0.043404032,73.6027298,36701.27262969905,0.789067447
843,Japan,2020,62,5.870800018,0.809961379,-0.246910349,75.00096893,39327.88270969427,0.654558063
844,Peru,2020,63,5.796800137,0.824766099,-0.16238822,68.10023499,12788.647381011575,0.893714964
845,Serbia,2020,64,5.77820015,0.726495862,-0.073676221,68.21020508,16010.190136036945,0.843509018
846,Bolivia,2020,65,5.747499943,0.875873327,-0.09168113,63.6004715,6982.171335739319,0.822606206
847,Pakistan,2020,66,5.69329977,0.734833717,0.04489987,58.25313568,4830.605257946767,0.745705426
848,Paraguay,2020,67,5.692100048,0.885923445,0.007997713,65.63993835,11967.886589205114,0.834788501
849,Dominican Republic,2020,68,5.689199924,0.866202772,-0.131263286,65.80748749,15754.491102948927,0.755999923
850,Bosnia and Herzegovina,2020,69,5.674099922,0.651352704,0.098274559,67.80813599,12782.306935164052,0.933769107
851,Moldova,2020,70,5.607500076,0.721609175,-0.037741039,65.01301575,6481.545895404101,0.913314283
852,Tajikistan,2020,71,5.555699825,0.831383407,-0.025088511,64.10459137,3055.8430500511813,0.592076063
853,Montenegro,2020,72,5.54610014,0.649565637,-0.075600356,68.50534821,17186.176004906978,0.783121586
854,Russia,2020,73,5.546000004,0.729892612,-0.151153743,64.10045624,25056.083216362676,0.864802599
855,Kyrgyzstan,2020,74,5.541500092,0.909374893,0.154772058,64.10601044,3457.8596383296353,0.888396084
856,Belarus,2020,75,5.539899826,0.639163077,-0.164926544,66.10433197,17675.687274544278,0.63571167
857,North Cyprus,2020,76,5.53550005,0.79529351,0.000227159,73.70222473,33047.54595411562,0.62611568
858,Greece,2020,77,5.514999866,0.541345119,-0.300907373,72.40525818,25142.781840993357,0.859931409
859,Hong Kong S.A.R. of China,2020,78,5.510399818,0.779833794,0.134979904,76.77170563,56087.676659960925,0.420607209
860,Croatia,2020,79,5.504700184,0.714838803,-0.128538325,70.21490479,23644.24845377531,0.916495264
861,Libya,2020,80,5.488800049,0.773157001,-0.085054487,62.29999924,17851.01954600683,0.668779135
862,Mongolia,2020,81,5.456200123,0.693351328,0.098093867,62.30448532,12236.598571974837,0.863511205
863,Malaysia,2020,82,5.384300232,0.894626856,0.114726797,67.10215759,28638.83319939249,0.839302301
864,Vietnam,2020,83,5.353499889,0.939592957,-0.094533332,67.9527359,6697.874505075567,0.79642123
865,Indonesia,2020,84,5.285600185,0.870614409,0.519586504,62.15584946,11728.205310682259,0.876296401
866,Ivory Coast,2020,85,5.233300209,0.727909327,-0.043991156,49.50377274,3735.216802249584,0.790771961
867,Benin,2020,86,5.21600008,0.735182583,-0.003537213,54.31246567,2152.359032436386,0.740532577
868,Maldives,2020,87,5.197599888,0.853962779,0.038085498,70.59999847,13610.990753614276,0.824211061
869,Congo (Brazzaville),2020,88,5.194399834,0.719058514,-0.123674095,57.92448044,5099.956580251505,0.751779079
870,Azerbaijan,2020,89,5.164800167,0.786824107,-0.240255281,65.50839996,16118.564705884542,0.55253756
871,Macedonia,2020,90,5.159800053,0.738840938,-0.019877451,67.50442505,13501.978469703437,0.897490501
872,Ghana,2020,91,5.147999763,0.794796526,0.094170853,57.20398712,4232.910364968968,0.847964764
873,Nepal,2020,92,5.137199879,0.797565043,0.154168829,63.77917862,2766.5527843880204,0.738099158
874,Turkey,2020,93,5.131800175,0.608830452,-0.171046436,66.90281677,25069.802921685474,0.748197377
875,China,2020,94,5.123899937,0.898517907,-0.18142575,69.2891922,16132.12839520771,0.7539711
876,Turkmenistan,2020,95,5.119100094,0.826457024,0.187671542,62.21170807,17120.51224327224,0.883691847
877,Bulgaria,2020,96,5.101500034,0.745178163,-0.143908441,66.80397797,19328.17127129761,0.935585141
878,Morocco,2020,97,5.094799995,0.772072434,-0.240377247,65.89624023,7633.588581960933,0.815724611
879,Cameroon,2020,98,5.084899902,0.763051808,-0.00149645,52.7049408,3356.478288956757,0.851336598
880,Venezuela,2020,99,5.053199768,0.62327832,-0.169090509,66.50534058,7925.127555918585,0.837038398
881,Algeria,2020,100,5.005099773,0.466610909,-0.121105164,65.90517426,13876.677344475584,0.735485137
882,Senegal,2020,101,4.980800152,0.690596163,-0.052335154,59.59915161,3357.602024568337,0.808785141
883,Guinea,2020,102,4.949299812,0.706846774,0.076328471,54.46780014,2323.8728179977074,0.761794448
884,Niger,2020,103,4.909599781,0.759772122,0.013860817,53.50009537,936.5162756834277,0.722530186
885,Laos,2020,104,4.888599873,0.907213569,0.11137148,58.70992279,6624.831191490144,0.634679317
886,Albania,2020,105,4.882699966,0.781994224,-0.042309489,68.70813751,12307.087599416815,0.896303713
887,Cambodia,2020,106,4.848400116,0.959704638,0.051911179,61.52996826,3827.206057252008,0.822769046
888,Bangladesh,2020,107,4.832799911,0.90062499,-0.033664726,64.50306702,3972.153218227456,0.661843538
889,Gabon,2020,108,4.829299927,0.704829216,-0.222261623,59.71533966,16003.091863148882,0.849150956
890,South Africa,2020,109,4.814099789,0.759330094,-0.109777324,56.50601196,12129.19768843562,0.843423843
891,Iraq,2020,110,4.784800053,0.633182645,-0.06956476,59.90354919,15694.970959944189,0.82226181
892,Lebanon,2020,111,4.771500111,0.551357508,-0.06121527,67.10658264,11634.427854375028,0.90225625
893,Burkina Faso,2020,112,4.768700123,0.665563583,-0.019080516,53.88945389,1752.0555191380727,0.739795029
894,Gambia,2020,113,4.750599861,0.733163178,0.343198717,55.0120163,1512.9467784553042,0.690717816
895,Mali,2020,114,4.729300022,0.71156615,-0.044366926,51.72698212,2058.745910313966,0.839328408
896,Nigeria,2020,115,4.724100113,0.759578407,0.033745807,49.86190796,5306.166267719093,0.861874342
897,Armenia,2020,116,4.676799774,0.712017834,-0.13877961,66.75065613,8959.558811780324,0.773544788
898,Georgia,2020,117,4.672599792,0.801641524,-0.22892037,64.49520874,10158.854025447763,0.665944695
899,Iran,2020,118,4.672399998,0.647873282,0.117891103,66.00614929,18282.868429999366,0.714635968
900,Jordan,2020,119,4.633399963,0.75104779,-0.162565202,66.79975128,8316.51910110473,0.700344324
901,Mozambique,2020,120,4.623600006,0.864451885,0.032375868,54.20582199,1175.3790273150423,0.683019102
902,Kenya,2020,121,4.583000183,0.829747558,0.294681519,60.09693146,3071.0525131952113,0.831499159
903,Namibia,2020,122,4.571100235,0.767520964,-0.18530646,56.50148773,9928.266919015308,0.851449788
904,Ukraine,2020,123,4.56069994,0.663081884,-0.030933706,64.60678101,8190.176186427199,0.920636714
905,Liberia,2020,124,4.557899952,0.735268712,0.04227322,56.09631348,1157.9198215439103,0.856375933
906,Palestinian Territories,2020,125,4.552800179,0.645791829,-0.162079096,62.25,4399.398469133911,0.824199975
907,Uganda,2020,126,4.43200016,0.731713951,0.099487431,55.70820236,1808.7469216083462,0.836737812
908,Chad,2020,127,4.422699928,0.587305248,0.017834719,48.22053909,1751.0374082630617,0.802760839
909,Tunisia,2020,128,4.392199993,0.593361557,-0.216413811,66.89785767,11103.025058896776,0.867590249
910,Mauritania,2020,129,4.374599934,0.551522553,-0.106008142,57.01017761,3766.5665800080105,0.746223509
911,Sri Lanka,2020,130,4.327000141,0.837633669,0.081129618,67.20006561,11967.738212266962,0.859001756
912,Congo (Kinshasa),2020,131,4.31099987,0.700793564,0.083637655,52.90000153,807.752989726886,0.809403598
913,Swaziland,2020,132,4.308100224,0.646822274,-0.19920142,51.18823624,9534.517845981753,0.708263338
914,Myanmar,2020,133,4.308000088,0.895075202,0.560663998,58.96171188,5886.882861473038,0.645124316
915,Comoros,2020,134,4.288599968,0.547612607,0.090008408,57.34901047,2524.0753711447105,0.780622602
916,Togo,2020,135,4.187200069,0.649828613,0.002667875,54.71989822,1568.2432377568807,0.757733464
917,Ethiopia,2020,136,4.186200142,0.740795195,0.043377332,58.63959122,1825.0918362802997,0.753690004
918,Madagascar,2020,137,4.165599823,0.557574093,-0.011823639,59.10542679,1453.4362058330591,0.817485631
919,Egypt,2020,138,4.151400089,0.708354175,-0.196878314,61.78015137,11120.457088047193,0.787726879
920,Sierra Leone,2020,139,3.926399946,0.715315044,0.088660747,50.86514282,1434.8321030648601,0.861330688
921,Burundi,2020,140,3.775300026,0.626350224,-0.017551597,53.40000153,660.2657483537887,0.606934547
922,Zambia,2020,141,3.759399891,0.806500256,0.078037128,55.29937744,3732.0762792498144,0.801289678
923,Haiti,2020,142,3.720799923,0.537825167,0.40053457,55.59862518,1654.6243265116132,0.684767246
924,Lesotho,2020,143,3.652800083,0.738125861,-0.145732045,48.00362396,2865.471875279043,0.857392073
925,India,2020,144,3.573299885,0.881444871,0.057551607,60.21518707,6973.1612509483275,0.772042692
926,Malawi,2020,145,3.538000107,0.803223193,0.021433279,57.59288788,1167.040452087675,0.731700778
927,Yemen,2020,146,3.527400017,0.599920273,-0.157735437,56.72728348,2344.1605795865917,0.800287724
928,Botswana,2020,147,3.478899956,0.821328104,-0.250394493,58.92445374,16501.450663103595,0.777930915
929,Tanzania,2020,148,3.476200104,0.82153976,0.109668687,57.49607468,2886.1109851865986,0.619799435
930,Central African Republic,2020,149,3.475899935,0.640880644,0.082410358,45.20000076,753.8249784565013,0.891806662
931,Rwanda,2020,150,3.312299967,0.900589406,0.055483952,61.09884644,1998.4043817539712,0.183541179
932,Zimbabwe,2020,151,3.299200058,0.711457908,-0.072063953,55.61725998,2606.364686522374,0.81023699
933,South Sudan,2020,152,2.816600084,0.451313615,0.016518548,51.0,1678.003085799277,0.763417304
934,Afghanistan,2020,153,2.566900015,0.396573007,-0.0964294,52.59000015,1742.1244295592526,0.933686554
935,Finland,2021,1,7.842,0.949,-0.098,72.0,47810.47324388286,0.186
936,Denmark,2021,2,7.62,0.946,0.03,72.7,55994.010016211105,0.179
937,Switzerland,2021,3,7.571,0.919,0.025,74.4,67305.68603809862,0.292
938,Iceland,2021,4,7.554,0.955,0.16,73.0,52997.49885470244,0.673
939,Netherlands,2021,5,7.464,0.913,0.175,72.4,55938.043993869935,0.338
940,Norway,2021,6,7.392,0.96,0.093,73.3,63133.07000058211,0.27
941,Sweden,2021,7,7.363,0.945,0.086,72.7,52417.72099162932,0.237
942,Luxembourg,2021,8,7.324,0.907,-0.034,72.6,114347.80456386216,0.386
943,New Zealand,2021,9,7.277,0.929,0.134,73.4,41898.27769776007,0.242
944,Austria,2021,10,7.268,0.908,0.042,73.3,54502.399107305435,0.481
945,Australia,2021,11,7.183,0.914,0.159,73.9,48825.10957587918,0.442
946,Israel,2021,12,7.157,0.8,0.031,73.503,39143.90476397888,0.753
947,Germany,2021,13,7.155,0.875,0.011,72.5,52733.17272642878,0.46
948,Canada,2021,14,7.103,0.915,0.089,73.8,47858.307630333744,0.415
949,Ireland,2021,15,7.085,0.879,0.077,72.4,84288.43955438846,0.363
950,Costa Rica,2021,16,7.069,0.934,-0.126,71.4,19535.72266206552,0.809
951,United Kingdom,2021,17,7.064,0.859,0.233,72.5,44667.43537478072,0.459
952,Czech Republic,2021,18,6.965,0.858,-0.208,70.807,38407.191512013924,0.868
953,United States,2021,19,6.951,0.837,0.098,68.2,61267.20580127015,0.698
954,Belgium,2021,20,6.834,0.783,-0.153,72.199,50161.34554465765,0.646
955,France,2021,21,6.69,0.822,-0.147,74.0,44533.633871262755,0.571
956,Bahrain,2021,22,6.647,0.925,0.089,69.495,43001.91807172273,0.722
957,Malta,2021,23,6.602,0.927,0.133,72.2,43217.466083051455,0.653
958,Taiwan Province of China,2021,24,6.584,0.784,-0.07,69.6,52627.811777045674,0.721
959,United Arab Emirates,2021,25,6.561,0.932,0.074,67.333,65185.999939254456,0.589
960,Saudi Arabia,2021,26,6.494,0.877,-0.149,66.603,46304.75802902191,0.684
961,Spain,2021,27,6.491,0.761,-0.081,74.7,38987.64187904331,0.745
962,Italy,2021,28,6.483,0.693,-0.084,73.8,41068.636213182384,0.866
963,Slovenia,2021,29,6.461,0.949,-0.101,71.4,37384.07161359687,0.806
964,Guatemala,2021,30,6.435,0.906,-0.038,64.958,8544.131910125676,0.775
965,Uruguay,2021,31,6.431,0.896,-0.092,69.1,21290.154185132888,0.59
966,Singapore,2021,32,6.377,0.927,-0.018,76.953,97538.26094908819,0.082
967,Kosovo,2021,33,6.372,0.869,0.257,63.813,11136.686192794194,0.917
968,Slovakia,2021,34,6.331,0.766,-0.124,69.201,31856.604431794618,0.911
969,Brazil,2021,35,6.33,0.804,-0.071,66.601,14429.06710514594,0.756
970,Mexico,2021,36,6.317,0.862,-0.147,68.597,19129.75011726391,0.799
971,Jamaica,2021,37,6.309,0.89,-0.137,67.5,9759.534660079984,0.884
972,Lithuania,2021,38,6.255,0.773,-0.203,67.906,36279.205323272676,0.826
973,Cyprus,2021,39,6.223,0.763,-0.015,73.898,39183.0682472209,0.844
974,Estonia,2021,40,6.189,0.909,-0.106,68.8,35632.02175344423,0.527
975,Panama,2021,41,6.18,0.872,-0.166,69.652,31257.04281960959,0.856
976,Uzbekistan,2021,42,6.179,0.97,0.311,65.255,6877.427836155341,0.515
977,Chile,2021,43,6.172,0.742,-0.044,70.0,23647.20014953603,0.83
978,Poland,2021,44,6.166,0.841,-0.165,69.702,32273.443875318557,0.735
979,Kazakhstan,2021,45,6.152,0.853,-0.069,65.2,25719.378140315774,0.733
980,Romania,2021,46,6.14,0.845,-0.219,67.355,29260.682509921295,0.938
981,Kuwait,2021,47,6.106,0.867,-0.104,66.9,49861.27857250652,0.736
982,Serbia,2021,48,6.078,0.778,0.002,68.6,17800.82351326212,0.835
983,El Salvador,2021,49,6.061,0.888,-0.11,66.402,8552.68031552613,0.688
984,Mauritius,2021,50,6.049,0.867,-0.054,66.701,22203.38425142754,0.789
985,Latvia,2021,51,6.032,0.715,-0.162,67.1,30181.969842809693,0.8
986,Colombia,2021,52,6.012,0.837,-0.135,68.001,14143.3524335182,0.841
987,Hungary,2021,53,5.992,0.755,-0.186,68.0,31508.102060147456,0.876
988,Thailand,2021,54,5.985,0.884,0.287,67.401,18124.139450452363,0.895
989,Nicaragua,2021,55,5.972,0.836,0.02,67.657,5541.386393677689,0.664
990,Japan,2021,56,5.94,0.796,-0.258,75.1,40578.75772806268,0.638
991,Portugal,2021,58,5.929,0.892,-0.244,72.6,33556.97434729619,0.887
992,Argentina,2021,57,5.929,0.828,-0.182,69.0,21205.163662757783,0.834
993,Honduras,2021,59,5.919,0.857,0.081,67.3,5698.737852969742,0.809
994,Croatia,2021,60,5.882,0.754,-0.118,70.799,27364.449871117336,0.939
995,Philippines,2021,61,5.88,0.917,-0.097,62.0,8742.924293109256,0.742
996,South Korea,2021,62,5.845,0.672,-0.083,73.9,42234.808246710236,0.727
997,Peru,2021,63,5.84,0.822,-0.154,68.25,12810.238333666217,0.891
998,Bosnia and Herzegovina,2021,64,5.813,0.706,0.113,68.098,14617.869534342557,0.931
999,Moldova,2021,65,5.766,0.822,-0.079,65.699,12759.099725732218,0.918
1000,Ecuador,2021,66,5.764,0.842,-0.124,68.8,11081.141738683076,0.843
1001,Kyrgyzstan,2021,67,5.744,0.935,0.119,64.401,5105.123896796746,0.908
1002,Greece,2021,68,5.723,0.582,-0.288,72.6,29114.74424706672,0.823
1003,Bolivia,2021,69,5.716,0.875,-0.077,63.901,8484.531830400614,0.839
1004,Mongolia,2021,70,5.677,0.708,0.116,62.5,12088.380730216988,0.856
1005,Paraguay,2021,71,5.653,0.876,0.028,65.9,12682.77433253346,0.882
1006,Montenegro,2021,72,5.581,0.708,-0.034,68.699,20743.744285755543,0.812
1007,Dominican Republic,2021,73,5.545,0.86,-0.133,66.102,18069.848509231037,0.714
1008,North Cyprus,2021,74,5.536,0.795,0.012,73.898,39183.0682472209,0.626
1009,Belarus,2021,75,5.534,0.65,-0.18,66.253,19015.315264423196,0.627
1010,Russia,2021,76,5.477,0.718,-0.111,64.703,26608.872718590363,0.845
1011,Hong Kong S.A.R. of China,2021,77,5.477,0.717,0.067,76.82,59874.14171519782,0.403
1012,Tajikistan,2021,78,5.466,0.832,-0.056,64.281,3264.950889184469,0.553
1013,Vietnam,2021,79,5.411,0.94,-0.098,68.034,7887.227831920681,0.796
1014,Libya,2021,80,5.41,0.771,-0.087,62.3,15093.206184475071,0.667
1015,Malaysia,2021,81,5.384,0.895,0.125,67.102,27945.179639314723,0.839
1016,Indonesia,2021,82,5.345,0.873,0.542,62.236,11672.60590688112,0.867
1017,Congo (Brazzaville),2021,83,5.342,0.695,-0.068,58.221,3350.952792324801,0.745
1018,China,2021,84,5.339,0.904,-0.146,69.593,15882.926400966757,0.755
1019,Ivory Coast,2021,85,5.306,0.741,-0.016,50.114,5171.923765841722,0.794
1020,Armenia,2021,86,5.283,0.825,-0.168,67.055,13187.17440176412,0.629
1021,Nepal,2021,87,5.269,0.782,0.152,64.233,3361.0207450799394,0.727
1022,Bulgaria,2021,88,5.266,0.788,-0.096,67.0,22381.723732219263,0.932
1023,Maldives,2021,89,5.198,0.854,0.024,70.6,18508.77087375565,0.825
1024,Azerbaijan,2021,90,5.171,0.814,-0.223,65.656,14314.095069630383,0.506
1025,Cameroon,2021,91,5.142,0.731,0.026,53.515,3601.119325977403,0.848
1026,Senegal,2021,92,5.132,0.695,-0.046,59.802,3354.305421152152,0.801
1027,Albania,2021,93,5.117,0.785,-0.03,68.999,13629.611214012439,0.901
1028,North Macedonia,2021,94,5.101,0.751,0.038,65.474,16203.782797812615,0.905
1029,Ghana,2021,95,5.088,0.807,0.123,57.586,5324.105525307907,0.848
1030,Niger,2021,96,5.074,0.806,0.018,53.78,1209.545562662592,0.693
1031,Turkmenistan,2021,97,5.066,0.877,0.273,62.409,15199.229275658265,0.888
1032,Gambia,2021,98,5.051,0.697,0.424,55.16,2177.6465316777985,0.746
1033,Benin,2021,99,5.045,0.757,-0.034,54.713,3251.917170443501,0.661
1034,Laos,2021,100,5.03,0.91,0.123,58.968,7684.802836379046,0.658
1035,Bangladesh,2021,101,5.025,0.877,-0.041,64.8,4693.810476953071,0.682
1036,Guinea,2021,102,4.984,0.697,0.095,55.008,2535.129501183596,0.766
1037,South Africa,2021,103,4.956,0.749,-0.067,56.904,12124.700324559462,0.86
1038,Turkey,2021,104,4.948,0.576,-0.139,67.199,28001.12592623153,0.776
1039,Pakistan,2021,105,4.934,0.726,0.098,58.709,4712.623319462116,0.787
1040,Morocco,2021,106,4.918,0.774,-0.236,66.208,7354.002486673032,0.801
1041,Venezuela,2021,107,4.892,0.615,-0.169,66.7,8716.734824075576,0.827
1042,Georgia,2021,108,4.891,0.783,-0.238,64.3,14544.962605881383,0.655
1043,Algeria,2021,109,4.887,0.48,-0.067,66.005,11407.199840665271,0.752
1044,Ukraine,2021,110,4.875,0.724,-0.011,64.902,12531.490558587659,0.924
1045,Iraq,2021,111,4.854,0.63,-0.053,60.583,10301.03855791324,0.875
1046,Gabon,2021,112,4.852,0.731,-0.2,59.962,14809.142418282425,0.84
1047,Burkina Faso,2021,113,4.834,0.695,-0.009,54.151,2160.2948586586103,0.748
1048,Cambodia,2021,114,4.83,0.959,0.034,62.0,4272.694766395488,0.843
1049,Mozambique,2021,115,4.794,0.882,0.061,54.706,1284.339683146911,0.684
1050,Nigeria,2021,116,4.759,0.737,0.037,50.102,5079.6619851375335,0.878
1051,Mali,2021,117,4.723,0.697,-0.036,51.969,2307.6846849754606,0.827
1052,Iran,2021,118,4.721,0.608,0.218,66.3,14530.424913333232,0.714
1053,Uganda,2021,119,4.636,0.709,0.122,56.101,2158.1356435874213,0.855
1054,Liberia,2021,120,4.625,0.735,0.05,56.498,1462.6424849978537,0.85
1055,Kenya,2021,121,4.607,0.779,0.287,60.704,4276.969598221566,0.825
1056,Tunisia,2021,122,4.596,0.656,-0.201,67.201,10572.377683790171,0.87
1057,Lebanon,2021,123,4.584,0.525,-0.073,67.355,15153.699916017764,0.898
1058,Namibia,2021,124,4.574,0.719,-0.149,56.799,9518.570890760071,0.847
1059,Palestinian Territories,2021,125,4.517,0.653,-0.163,62.25,4841.597464967773,0.821
1060,Myanmar,2021,126,4.426,0.876,0.509,59.302,5120.46226453497,0.66
1061,Jordan,2021,127,4.395,0.755,-0.167,67.0,9720.574493719265,0.705
1062,Chad,2021,128,4.355,0.579,0.041,48.478,1578.1365006850901,0.807
1063,Sri Lanka,2021,129,4.325,0.841,0.079,67.299,12964.887231273544,0.863
1064,Swaziland,2021,130,4.308,0.647,-0.185,50.833,8647.279138654574,0.708
1065,Comoros,2021,131,4.289,0.548,0.082,57.349,3074.8149513282933,0.781
1066,Egypt,2021,132,4.283,0.749,-0.182,61.998,11695.974479477962,0.795
1067,Ethiopia,2021,133,4.275,0.752,0.082,59.0,2195.137574818319,0.761
1068,Mauritania,2021,134,4.227,0.561,-0.106,57.161,5125.585287884258,0.731
1069,Madagascar,2021,135,4.208,0.552,-0.005,59.305,1629.4535627183186,0.803
1070,Togo,2021,136,4.107,0.619,0.032,54.914,1574.9833818535913,0.772
1071,Zambia,2021,137,4.073,0.782,0.061,55.809,3446.105390326745,0.823
1072,Sierra Leone,2021,138,3.849,0.717,0.084,51.651,1692.5643081206601,0.866
1073,India,2021,139,3.819,0.893,0.089,60.633,6342.320563867999,0.774
1074,Burundi,2021,140,3.775,0.626,-0.024,53.4,761.2790658227758,0.607
1075,Yemen,2021,141,3.658,0.602,-0.147,57.122,1954.7156221050159,0.8
1076,Tanzania,2021,142,3.623,0.833,0.183,57.999,2633.3181922710883,0.577
1077,Haiti,2021,143,3.615,0.593,0.422,55.7,1766.9320207187657,0.721
1078,Malawi,2021,144,3.6,0.78,0.038,57.948,1051.528395990807,0.729
1079,Lesotho,2021,145,3.512,0.715,-0.131,48.7,2768.331303095756,0.915
1080,Botswana,2021,146,3.467,0.824,-0.246,59.269,17712.04153560232,0.801
1081,Rwanda,2021,147,3.415,0.897,0.061,61.4,2155.9785866520574,0.167
1082,Zimbabwe,2021,148,3.145,0.677,-0.047,56.201,2815.795235590385,0.821
1083,Afghanistan,2021,149,2.523,0.382,-0.102,52.493,2197.3338103278734,0.924
